组号,组内序号,题号,题干,正确答案,选项,分组题干,组内条数,组内答案种数,已标记问题题
1,1/238,q_gB-xrMqimlof,这个标志是何含义？,路面不平,路面低洼 | 驼峰桥 | 路面不平 | 路面高突,这个标志是何含义,238,217,
1,2/238,q_SojxCveLr69G,这个标志是何含义？,驼峰桥,不平路面 | 驼峰桥 | 路面高突 | 路面低洼,这个标志是何含义,238,217,
1,3/238,q_E-1sYHpOteo8,这个标志是何含义？,渡口,过水路面 | 漫水桥 | 渡口 | 船用码头,这个标志是何含义,238,217,
1,4/238,q_1Kp96wWnfDld,这个标志是何含义？,隧道,涵洞 | 水渠 | 桥梁 | 隧道,这个标志是何含义,238,217,
1,5/238,q_2UBIsOAIpRu0,这个标志是何含义？,村庄或集镇,注意行人 | 有人行横道 | 村庄或集镇 | 有小学校,这个标志是何含义,238,217,
1,6/238,q_WvcGhahk5kkE,这个标志是何含义？,堤坝路,堤坝路 | 临崖路 | 易滑路 | 傍水路,这个标志是何含义,238,217,
1,7/238,q_RqiCta9fjzPA,这个标志是何含义？,易滑路段,急转弯路 | 易滑路段 | 试车路段 | 曲线路段,这个标志是何含义,238,217,
1,8/238,q_yglrygdjTnR1,这个标志是何含义？,注意横风,注意横风 | 风向标 | 隧道入口 | 气象台,这个标志是何含义,238,217,
1,9/238,q_yLJKW1sV7rAs,这个标志是何含义？,注意落石,傍山险路 | 悬崖路段 | 注意落石 | 危险路段,这个标志是何含义,238,217,
1,10/238,q_PNHg-jFSWnuh,这个标志是何含义？,注意信号灯,交叉路口 | 注意信号灯 | 注意行人 | 人行横道灯,这个标志是何含义,238,217,
1,11/238,q_f4Mmyz-3RRSE,这个标志是何含义？,注意野生动物,注意野生动物 | 注意牲畜 | 动物公园 | 开放的牧区,这个标志是何含义,238,217,
1,12/238,q_9xubD_TEwIKy,这个标志是何含义？,注意牲畜,大型畜牧场 | 野生动物保护区 | 注意野生动物 | 注意牲畜,这个标志是何含义,238,217,
1,13/238,q_1RJH2dEuEc8t,这个标志是何含义？,注意行人,人行横道 | 注意行人 | 注意儿童 | 学校区域,这个标志是何含义,238,217,
1,14/238,q_e10rOdSQjAIZ,这个标志是何含义？,双向交通,双向交通 | 分离式道路 | 潮汐车道 | 减速让行,这个标志是何含义,238,217,
1,15/238,q_C3tn_U8cs_ZV,这个标志是何含义？,窄桥,窄路 | 右侧变窄 | 左侧变窄 | 窄桥,这个标志是何含义,238,217,
1,16/238,q_rqROE8geOuBY,这个标志是何含义？,避险车道,避险车道 | 应急车道 | 路肩 | 急弯道,这个标志是何含义,238,217,
1,17/238,q_gM_Aat5vR04a,这个标志是何含义？,注意合流,Y形交叉口 | 主路让行 | 注意分流 | 注意合流,这个标志是何含义,238,217,
1,18/238,q_J2agoheyzHXN,这个标志是何含义？,注意分离式道路,注意交互式道路 | 注意分离式道路 | 平面交叉路口 | 环形平面交叉,这个标志是何含义,238,217,
1,19/238,q_DuBdNaduY5On,这个标志是何含义？,注意保持车距,注意保持车距 | 车距确认路段 | 车速测试路段 | 两侧变窄路段,这个标志是何含义,238,217,
1,20/238,q_s960UXuYEwCG,这个标志是何含义？,注意潮汐车道,注意双向行驶 | 靠两侧行驶 | 可变车道 | 注意潮汐车道,这个标志是何含义,238,217,
1,21/238,q_ulU5eEK5xqns,这个标志是何含义？,隧道开灯,隧道开远光灯 | 隧道减速 | 隧道开灯 | 隧道开示宽灯,这个标志是何含义,238,217,
1,22/238,q_qjYBmmPFclVg,这个标志是何含义？,建议速度,建议速度 | 最低速度 | 最高速度 | 限制速度,这个标志是何含义,238,217,
1,23/238,q_tHptZ70kDkxU,这个标志是何含义？,施工路段,塌方路段 | 施工路段 | 前方工厂 | 道路堵塞,这个标志是何含义,238,217,
1,24/238,q_OYSouRxZFqnY,这个标志是何含义？,注意危险,事故多发路段 | 减速慢行 | 注意危险 | 拥堵路段,这个标志是何含义,238,217,
1,25/238,q_VvbPC8t-RNna,这个标志是何含义？,左右绕行,施工路段绕行 | 双向交通 | 注意危险 | 左右绕行,这个标志是何含义,238,217,
1,26/238,q_4RmE6wYK8QZe,这个标志是何含义？,慢行,施工路段 | 车多路段 | 慢行 | 拥堵路段,这个标志是何含义,238,217,
1,27/238,q_3iGkVQCOgXxM,这个标志是何含义？,事故易发路段,施工路段 | 事故易发路段 | 减速慢行路段 | 拥堵路段,这个标志是何含义,238,217,
1,28/238,q_HZx6C7Jj6DnP,这个标志是何含义？,注意残疾人,注意残疾人 | 残疾人出入口 | 残疾人休息处 | 残疾人专用通道,这个标志是何含义,238,217,
1,29/238,q_WWHLUCGbVaLt,这个标志是何含义？,注意非机动车,避让非机动车 | 非机动车道 | 禁止非机动车通行 | 注意非机动车,这个标志是何含义,238,217,
1,30/238,q_65bLc3wr1Zqr,这个标志是何含义？,距无人看守铁路道口150米,距有人看守铁路道口150米 | 距无人看守铁路道口150米 | 距无人看守铁路道口100米 | 距有人看守铁路道口100米,这个标志是何含义,238,217,
1,31/238,q_Xtoe_W-0CMBP,这个标志是何含义？,距无人看守铁路道口50米,距无人看守铁路道口50米 | 距有人看守铁路道口50米 | 距无人看守铁路道口100米 | 距有人看守铁路道口100米,这个标志是何含义,238,217,
1,32/238,q_vuqMU9x8J5SU,这个标志是何含义？,无人看守铁路道口,多股铁路与道路相交 | 有人看守铁路道口 | 无人看守铁路道口 | 注意长时鸣喇叭,这个标志是何含义,238,217,
1,33/238,q_mpniewjkr8Da,这个标志是何含义？,有人看守铁路道口,无人看守铁路道口 | 有人看守铁路道口 | 多股铁路与道路相交 | 立交式的铁路道口,这个标志是何含义,238,217,
1,34/238,q_S_h-c9VlQGI9,这个标志是何含义？,过水路面,过水路面 | 渡口 | 泥泞道路 | 低洼路面,这个标志是何含义,238,217,
1,35/238,q_oR3NMAm5tLbZ,这个标志是何含义？,路面低洼,路面高突 | 有驼峰桥 | 路面不平 | 路面低洼,这个标志是何含义,238,217,
1,36/238,q_63VFr-Blbh47,这个标志是何含义？,减速丘,路面低洼 | 驼峰桥 | 路面不平 | 减速丘,这个标志是何含义,238,217,
1,37/238,q_5OfqBXuwtAFB,这个标志是何含义？,连续下坡,连续上坡 | 上陡坡 | 下陡坡 | 连续下坡,这个标志是何含义,238,217,
1,38/238,q_b2HbAohNHXCK,这个标志是何含义？,上陡坡,堤坝路 | 上陡坡 | 连续上坡 | 下陡坡,这个标志是何含义,238,217,
1,39/238,q_SCynVvxE3L-T,这个标志是何含义？,向左急转弯,向左急转弯 | 向右急转弯 | 向左绕行 | 连续弯路,这个标志是何含义,238,217,
1,40/238,q_qadKzUf9HFX1,这个标志是何含义？,向右急转弯,向左急转弯 | 向右急转弯 | 向右绕行 | 连续弯路,这个标志是何含义,238,217,
1,41/238,q_RZTnrMdnDxWF,这个标志是何含义？,禁止挂车、半挂车驶入,禁止机动车驶入 | 禁止停车 | 禁止三轮车驶入 | 禁止挂车、半挂车驶入,这个标志是何含义,238,217,
1,42/238,q_i_vasPw0Dwqa,这个标志是何含义？,禁止电动自行车进入,禁止电动自行车停车 | 禁止非机动车停车 | 禁止电动自行车进入 | 禁止非机动车进入,这个标志是何含义,238,217,
1,43/238,q_xJGBELxSoay2,这个标志是何含义？,注意前方车辆排队,注意前方车辆排队 | 注意安全 | 机动车行驶 | 注意小型客车,这个标志是何含义,238,217,
1,44/238,q_qvijpogDWNPu,这个标志是何含义？,海关,海关 | 国界 | 边防 | 边界,这个标志是何含义,238,217,
1,45/238,q_L_LtN8fw3oio,这个标志是何含义？,禁止车辆停放,允许长时停车 | 允许临时停车 | 禁止长时停车 | 禁止车辆停放,这个标志是何含义,238,217,
1,46/238,q_UKtUJs1YiSR1,这个标志是何含义？,禁止车辆长时停放,允许长时停车 | 禁止临时停车 | 禁止车辆长时停放 | 禁止停放车辆,这个标志是何含义,238,217,
1,47/238,q_Jh0ujCSTT94b,这个标志是何含义？,停车让行,不准车辆驶入 | 不准长时间停车 | 停车让行 | 不准临时停车,这个标志是何含义,238,217,
1,48/238,q__0KWXM5uK8mx,这个标志是何含义？,减速让行,不准让行 | 会车让行 | 停车让行 | 减速让行,这个标志是何含义,238,217,
1,49/238,q_LXPftBLV3PdQ,这个标志是何含义？,多股铁路与道路相交,注意避让火车 | 有人看守铁路道口 | 无人看守铁路道口 | 多股铁路与道路相交,这个标志是何含义,238,217,
1,50/238,q_0HAnuouVRWm-,这个标志是何含义？,开车灯,隧道开示宽灯 | 开车灯 | 隧道减速 | 隧道开远光灯,这个标志是何含义,238,217,
1,51/238,q_gZHTLeGbAx3t,这个标志是何含义？,有轨电车专用车道,公交车专用车道 | BRT车辆专用车道 | 有轨电车专用车道 | 大型客车专用车道,这个标志是何含义,238,217,
1,52/238,q_plonKfWoMhXZ,这个标志是何含义？,电动自行车车道,非机动车车道 | 电动自行车车道 | 非机动车行驶 | 电动自行车行驶,这个标志是何含义,238,217,
1,53/238,q_0DdT9U7hHSt2,这个标志是何含义？,非机动车推行,非机动车推行 | 非机动车骑行 | 非机动车与行人共享空间通行 | 非机动车与行人分开空间通行,这个标志是何含义,238,217,
1,54/238,q_7i7R6k1Z8k6Y,这个标志是何含义？,硬路肩允许行驶起点,只准直行 | 车道数增加 | 硬路肩允许行驶起点 | 分流处,这个标志是何含义,238,217,
1,55/238,q_8jc0Ygji4LuW,这个标志是何含义？,允许货车通行,允许货车通行 | 允许客车通行 | 禁止货车通行 | 绿色通道,这个标志是何含义,238,217,
1,56/238,q_MMiV16NDqo9d,这个标志是何含义？,校车专用停车位、校车停靠站点,禁止校车通行 | 禁止校车停车 | 校车专用停车位、校车停靠站点 | 只允许校车通行,这个标志是何含义,238,217,
1,57/238,q_rClxZnVRPn2M,这个标志是何含义？,公交车专用停车位,出租车专用停车位 | 公交车专用停车位 | 校车专用停车位 | 充电停车位,这个标志是何含义,238,217,
1,58/238,q_J75ivsexnReh,这个标志是何含义？,港湾式紧急停车带,避让处所 | 客车站 | 停车区 | 港湾式紧急停车带,这个标志是何含义,238,217,
1,59/238,q_ZXPKSXIyDNmM,这个标志是何含义？,残疾人专用车位,无障碍设施 | 注意残疾人 | 停车场 | 残疾人专用车位,这个标志是何含义,238,217,
1,60/238,q_aAmAk6p94r7c,这个标志是何含义？,交通事故管理,注意危险 | 事故易发路段 | 施工路段 | 交通事故管理,这个标志是何含义,238,217,
1,61/238,q_o6QRyMh5-9Sa,这个标志是何含义？,注意积水,量路尺 | 注意积水 | 交通事故勘察尺 | 注意前方限高,这个标志是何含义,238,217,
1,62/238,q_qgyD_pg_SSnY,这个标志是何含义？,注意车道数变少,应急车道 | 注意车道数变少 | 合流处 | 向左变道,这个标志是何含义,238,217,
1,63/238,q_lbYm0oG_x0eY,这个标志是何含义？,线形诱导标志,转弯诱导标志 | 线形诱导标志 | 分流诱导标志 | 合流诱导标志,这个标志是何含义,238,217,
1,64/238,q_FI2vsnnBkjsm,这个标志是何含义？,注意电动自行车,电动自行车车道 | 注意非机动车 | 注意电动自行车 | 禁止非机动车通行,这个标志是何含义,238,217,
1,65/238,q_o28F-0piPwP8,这个标志是何含义？,交叉路口,急弯路 | 交叉路口 | 反向弯路 | 连续弯路,这个标志是何含义,238,217,
1,66/238,q_1cSKUXmEfNf9,这个标志是何含义？,交叉路口预告,交叉路口预告 | 车道方向预告 | 分道信息预告 | 分岔处预告,这个标志是何含义,238,217,
1,67/238,q_liZ1ytn-ps0X,这个标志是何含义？,十字交叉路口预告,地点和距离预告 | 十字交叉路口预告 | 分道信息预告 | 道路分岔处预告,这个标志是何含义,238,217,
1,68/238,q_MzBeVioqYdcQ,这个标志是何含义？,丁字交叉路口预告,Y形交叉路口预告 | 十字交叉路口预告 | 丁字交叉路口预告 | 道路分叉处预告,这个标志是何含义,238,217,
1,69/238,q_HaB5jOxgpj6K,这个标志是何含义？,Y型交叉路口告知,环型交叉路口告知 | 十字交叉路口告知 | 丁字交叉路口告知 | Y型交叉路口告知,这个标志是何含义,238,217,
1,70/238,q_vWGlLwOkq4A2,这个标志是何含义？,环形交叉路口预告,环形交叉路口预告 | 十字交叉路口预告 | 互通立体交叉预告 | Y形交叉路口预告,这个标志是何含义,238,217,
1,71/238,q_ItZzya9eCUH3,这个标志是何含义？,互通式立体交叉告知,十字交叉路口告知 | 互通式立体交叉告知 | Y形交叉路口告知 | 环形交叉路口告知,这个标志是何含义,238,217,
1,72/238,q_60bQBOdtPFfg,这个标志是何含义？,国道编号,国道编号 | 省道编号 | 县道编号 | 乡道编号,这个标志是何含义,238,217,
1,73/238,q_QIuxmo072a9U,这个标志是何含义？,地点距离,地点距离 | 行驶路线 | 行驶方向 | 终点地名,这个标志是何含义,238,217,
1,74/238,q_WTf0_af6stpG,这个标志是何含义？,露天停车场,室内停车场 | 露天停车场 | 专用停车场 | 内部停车场,这个标志是何含义,238,217,
1,75/238,q_YBB6R2ZmLGZI,这个标志是何含义？,立体交叉直行和左转弯行驶,立体交叉直行和右转弯行驶 | 立体交叉直行和左转弯行驶 | 直行和左转弯行驶 | 直行和右转弯行驶,这个标志是何含义,238,217,
1,76/238,q_xkd_6510vpbd,这个标志是何含义？,环岛行驶,右侧通行 | 左侧通行 | 向右行驶 | 环岛行驶,这个标志是何含义,238,217,
1,77/238,q_B_GsqKqf6jsq,这个标志是何含义？,向左单行路,向左单行路 | 向右单行路 | 直行单行路 | 左转让行,这个标志是何含义,238,217,
1,78/238,q_niBDb0f-5drE,这个标志是何含义？,向右单行路,向左单行路 | 向右单行路 | 直行单行路 | 右转让行,这个标志是何含义,238,217,
1,79/238,q_dstwEUD65sAM,这个标志是何含义？,直行单行路,靠右侧行驶 | 不允许直行 | 直行单行路 | 直行车让行,这个标志是何含义,238,217,
1,80/238,q_gemivW9PQaLJ,这个标志是何含义？,步行,低速行驶 | 注意行人 | 行人先行 | 步行,这个标志是何含义,238,217,
1,81/238,q_N3yEJl1nHxWl,这个标志是何含义？,应当鸣喇叭,应当鸣喇叭 | 禁止鸣喇叭 | 禁止鸣高音喇叭 | 禁止鸣低音喇叭,这个标志是何含义,238,217,
1,82/238,q_G_OPVbypfGSP,这个标志是何含义？,人行横道,人行横道 | 学生通道 | 儿童通道 | 注意行人,这个标志是何含义,238,217,
1,83/238,q_u4EYDQa6qS3-,这个标志是何含义？,最低限速50公里/小时,最高限速50公里/小时 | 最低限速50公里/小时 | 水平高度50米 | 海拔高度50米,这个标志是何含义,238,217,
1,84/238,q_9UkCfZCL111Y,这个标志是何含义？,干路先行,单行路 | 停车让行 | 干路先行 | 两侧街道,这个标志是何含义,238,217,
1,85/238,q_T4voOqwZKO3e,这个标志是何含义？,会车先行,对向先行 | 停车让行 | 单行路 | 会车先行,这个标志是何含义,238,217,
1,86/238,q_PBDbZkEN6NC5,这个标志是何含义？,错车道,紧急停车带 | 露天停车场 | 停车位 | 错车道,这个标志是何含义,238,217,
1,87/238,q_59jSu3l4Dxqs,这个标志是何含义？,应急避难设施（场所,横过道路设施 | 应急避难设施（场所 | 生活服务区 | 行人专用通道,这个标志是何含义,238,217,
1,88/238,q_OV0nVyBpSWrv,这个标志是何含义？,此路不通,此路不通 | T形路口 | 分流路口 | 减速通行,这个标志是何含义,238,217,
1,89/238,q_vVQJuLqrAa73,这个标志是何含义？,车道数变少,向左变道 | 车道数变少 | 合流处 | 应急车道,这个标志是何含义,238,217,
1,90/238,q_m0QhqGup50W0,这个标志是何含义？,车道数增加,向右变道 | 分流处 | 车道数增加 | 路面变宽,这个标志是何含义,238,217,
1,91/238,q_caxN0kjUeM2G,这个标志是何含义？,交通监控设备,减速拍照区 | 道路流量监测 | 全路段抓拍 | 交通监控设备,这个标志是何含义,238,217,
1,92/238,q_nMMNeN4vtJuK,这个标志是何含义？,隧道出口距离,隧道出口距离 | 隧道入口距离 | 隧道跟车距离 | 隧道总长度,这个标志是何含义,238,217,
1,93/238,q_ZvHXf4g6kABK,这个标志是何含义？,两侧通行,左侧通行 | 不准通行 | 两侧通行 | 右侧通行,这个标志是何含义,238,217,
1,94/238,q_JrcZfqZW2wow,这个标志是何含义？,高速公路入口预告,高速公路终点预告 | 高速公路入口预告 | 高速公路起点预告 | 高速公路出口预告,这个标志是何含义,238,217,
1,95/238,q_rQBwDb00Z0RP,这个标志是何含义？,高速公路地点、方向预告,高速公路右侧出口预告 | 高速公路下一出口预告 | 高速公路地点、方向预告 | 高速公路左侧出口预告,这个标志是何含义,238,217,
1,96/238,q_8kN5_vfhWpwp,这个标志是何含义？,高速公路地点距离预告,高速公路终点地名预告 | 高速公路行驶路线预告 | 高速公路行驶方向预告 | 高速公路地点距离预告,这个标志是何含义,238,217,
1,97/238,q_ksju-Sgpbi2w,这个标志是何含义？,高速公路命名编号,高速公路界牌编号 | 高速公路里程编号 | 高速公路命名编号 | 高速公路路段编号,这个标志是何含义,238,217,
1,98/238,q_kne10Q-UYbMG,这个标志是何含义？,高速公路起点,高速公路起点 | 高速公路出口 | 高速公路入口 | 高速公路终点,这个标志是何含义,238,217,
1,99/238,q_ZsRtzoC_RNK8,这个标志是何含义？,高速公路交通广播频率,高速公路报警电话号码 | 高速公路交通广播频率 | 高速公路救援电话号码 | 高速公路服务电话号码,这个标志是何含义,238,217,
1,100/238,q_JkL_cGjSgwD0,这个标志是何含义？,设有ETC的收费站,高速公路领卡处 | 高速公路收费处 | 高速公路检查站 | 设有ETC的收费站,这个标志是何含义,238,217,
1,101/238,q_x42DfPHN2kZm,这个标志是何含义？,高速公路紧急电话,高速公路公用电话 | 高速公路报警电话 | 高速公路紧急电话 | 高速公路救援电话,这个标志是何含义,238,217,
1,102/238,q_r-LgW8r646Ah,这个标志是何含义？,高速公路紧急停车带,高速公路紧急停车带 | 高速公路避让处所 | 高速公路停车区 | 高速公路客车站,这个标志是何含义,238,217,
1,103/238,q_4KwCrh9Yur4I,这个标志是何含义？,加油站,服务区 | 加油站 | 休息区 | 客车站,这个标志是何含义,238,217,
1,104/238,q_CiXuuXohqZSV,这个标志是何含义？,电动汽车充电站,高速公路加油站 | 电动汽车服务区 | 电动汽车充电站 | 高速公路休息区,这个标志是何含义,238,217,
1,105/238,q_oEt5w1dVc_Uv,这个标志是何含义？,电子不停车收费车道,高速公路收费处 | ETC收费站入口 | 电子不停车收费车道 | 高速公路领卡处,这个标志是何含义,238,217,
1,106/238,q_2f8g8-3pkg_J,这个标志是何含义？,地铁,电动车充电站 | 加油站 | 地铁 | 急救站,这个标志是何含义,238,217,
1,107/238,q_ih3iA7ua48O_,这个标志是何含义？,停车点,服务站 | 停车点 | 停车场 | 应急避难场所,这个标志是何含义,238,217,
1,108/238,q_6MEppWqkj3mH,这个标志是何含义？,高速公路ETC车道指引,高速公路ETC车道指引 | 高速公路领卡车道指引 | 高速公路缴费车道指引 | 高速公路检查车道指引,这个标志是何含义,238,217,
1,109/238,q_C2OG6cF8R-Qp,这个标志是何含义？,只准直行,直行车道 | 只准直行 | 单行路 | 禁止直行,这个标志是何含义,238,217,
1,110/238,q_YSo2J3c4l6Zg,这个标志是何含义？,向左转弯,直行车道 | 单行路 | 向左转弯 | 禁止直行,这个标志是何含义,238,217,
1,111/238,q_0tHFajySqmBR,这个标志是何含义？,向右转弯,直行车道 | 只准直行 | 单行路 | 向右转弯,这个标志是何含义,238,217,
1,112/238,q_f6dlij5wZe5n,这个标志是何含义？,直行和向右转弯,直行和向右转弯 | 直行和向左转弯 | 禁止直行和向右转弯 | 只准向左和向右转弯,这个标志是何含义,238,217,
1,113/238,q_ITvUalshOLZZ,这个标志是何含义？,直行和向左转弯,直行和向右转弯 | 直行和向左转弯 | 禁止直行和向左转弯 | 只准向右和向左转弯,这个标志是何含义,238,217,
1,114/238,q_Tet7vt9LnDEE,这个标志是何含义？,向左和向右转弯,禁止向右转弯 | 禁止向左转弯 | 向左和向右转弯 | 禁止向左右转弯,这个标志是何含义,238,217,
1,115/238,q_rEZQlJjEyYfh,这个标志是何含义？,分隔带右侧行驶,靠道路右侧停车 | 只准向右转弯 | 右侧是下坡路段 | 分隔带右侧行驶,这个标志是何含义,238,217,
1,116/238,q_XlTZavzHWGs9,这个标志是何含义？,分隔带左侧行驶,分隔带左侧行驶 | 只准向左转弯 | 左侧是下坡路段 | 靠道路左侧停车,这个标志是何含义,238,217,
1,117/238,q_Zp_0oAAd9P2V,这个标志是何含义？,右转车道,分向车道 | 右转车道 | 掉头车道 | 左转车道,这个标志是何含义,238,217,
1,118/238,q_GV71KIg2-AFC,这个标志是何含义？,直行车道,直行车道 | 右转车道 | 掉头车道 | 左转车道,这个标志是何含义,238,217,
1,119/238,q_L9Qiex7SxBYZ,这个标志是何含义？,直行和右转合用车道,直行和左转车道 | 直行和辅路出口车道 | 直行和右转合用车道 | 分向行驶车道,这个标志是何含义,238,217,
1,120/238,q_lyyvOmrgdj5j,这个标志是何含义？,直行和左转合用车道,直行和左转合用车道 | 直行和掉头合用车道 | 直行和右转车道 | 分向行驶车道,这个标志是何含义,238,217,
1,121/238,q_OdNg4x-DyNLQ,这个标志是何含义？,掉头车道,左转车道 | 掉头车道 | 绕行车道 | 分向车道,这个标志是何含义,238,217,
1,122/238,q_-w6FKvNysx5V,这个标志是何含义？,掉头和左转合用车道,直行和左转合用车道 | 禁止左转和掉头车道 | 掉头和左转合用车道 | 分向行驶车道,这个标志是何含义,238,217,
1,123/238,q_JUY0b3jBdqZk,这个标志是何含义？,分向行驶车道,直线行驶车道 | 左转行驶车道 | 右转行驶车道 | 分向行驶车道,这个标志是何含义,238,217,
1,124/238,q_i9Qq3u0tzfRw,这个标志是何含义？,公交专用车道,公交专用车道 | 大型客车专用车道 | 快速公交系统专用车道 | 多乘员车辆专用车道,这个标志是何含义,238,217,
1,125/238,q_t100R5qF5ZmY,这个标志是何含义？,机动车行驶,禁止小型车行驶 | 机动车行驶 | 只准小型车行驶 | 不准小型车通行,这个标志是何含义,238,217,
1,126/238,q_L7Qa42TnVY0M,这个标志是何含义？,机动车车道,小型车车道 | 小型车专用车道 | 机动车车道 | 多乘员车辆专用车道,这个标志是何含义,238,217,
1,127/238,q__OeF47yZoWg0,这个标志是何含义？,非机动车行驶,非机动车停车位 | 电动自行车行驶 | 非机动车停放区 | 非机动车行驶,这个标志是何含义,238,217,
1,128/238,q_RdJuXklEenVM,这个标志是何含义？,非机动车车道,非机动车车道 | 禁止自行车通行车道 | 自行车专用车道 | 停放自行车路段,这个标志是何含义,238,217,
1,129/238,q_QampiypqDLo1,这个标志是何含义？,快速公交系统（BRT）车辆专用车道,公交车专用车道 | 快速公交系统（BRT）车辆专用车道 | 大型客车专用车道 | 多乘员车专用车道,这个标志是何含义,238,217,
1,130/238,q_7BTx0rvuoD-G,这个标志是何含义？,多乘员车辆专用车道,小型汽车专用车道 | 机动车专用车道 | 多乘员车辆专用车道 | 出租汽车专用车道,这个标志是何含义,238,217,
1,131/238,q_pxCOiCOUITvR,这个标志是何含义？,掉头,掉头 | 倒车 | 左转 | 绕行,这个标志是何含义,238,217,
1,132/238,q_w6kC2TKjQU5D,这个标志是何含义？,靠右侧车道行驶,公交专用车道 | 有轨电车专用车道 | 靠右侧车道行驶 | HOV专用车道,这个标志是何含义,238,217,
1,133/238,q_fPMQb8HTUGo_,这个标志是何含义？,仅供行人步行,注意行人 | 仅供行人步行 | 低速行驶 | 行人先行,这个标志是何含义,238,217,
1,134/238,q_nNlet4xmOQEb,这个标志是何含义？,会车时停车让对方车先行,会车时停车让对方车先行 | 前方是双向通行路段 | 右侧道路禁止车通行 | 会车时停车让右侧车先行,这个标志是何含义,238,217,
1,135/238,q_lx_s8N1g3B8k,这个标志是何含义？,禁止通行,禁止驶入 | 禁止通行 | 减速行驶 | 限时进入,这个标志是何含义,238,217,
1,136/238,q_HCfjYowE8avn,这个标志是何含义？,禁止向左转弯,禁止向左转弯 | 禁止驶入左车道 | 禁止车辆掉头 | 禁止向左变道,这个标志是何含义,238,217,
1,137/238,q_BkPhJN1kQbHM,这个标志是何含义？,禁止向右转弯,禁止驶入路口 | 禁止向右转弯 | 禁止车辆掉头 | 禁止变更车道,这个标志是何含义,238,217,
1,138/238,q_uT0vTwP5uIWt,这个标志是何含义？,禁止直行,禁止掉头 | 禁止向右转弯 | 禁止直行 | 禁止向左转弯,这个标志是何含义,238,217,
1,139/238,q_VUuinr3Gh9du,这个标志是何含义？,禁止向左向右转弯,禁止在路口掉头 | 禁止向左向右变道 | 禁止车辆直行 | 禁止向左向右转弯,这个标志是何含义,238,217,
1,140/238,q_vCM2if3HmBCP,这个标志是何含义？,禁止直行和向左转弯,禁止直行和向左转弯 | 禁止直行和向左变道 | 允许直行和向左变道 | 禁止直行和向右转弯,这个标志是何含义,238,217,
1,141/238,q_T1Sr0--96t9h,这个标志是何含义？,禁止直行和向右转弯,禁止直行和向左变道 | 允许直行和向右变道 | 允许直行和向左变道 | 禁止直行和向右转弯,这个标志是何含义,238,217,
1,142/238,q_32mpewggwN6O,这个标志是何含义？,禁止掉头,禁止直行 | 禁止掉头 | 禁止变道 | 禁止左转,这个标志是何含义,238,217,
1,143/238,q_px-y89wbpw84,这个标志是何含义？,禁止超车,禁止借道 | 禁止变道 | 禁止超车 | 禁止掉头,这个标志是何含义,238,217,
1,144/238,q_C0WunlRm_pyL,这个标志是何含义？,解除禁止超车,解除禁止借道 | 解除禁止变道 | 准许变道行驶 | 解除禁止超车,这个标志是何含义,238,217,
1,145/238,q_g5IQT2xsn-K5,这个标志是何含义？,禁止鸣喇叭,禁止长时鸣喇叭 | 断续鸣喇叭 | 禁止鸣喇叭 | 减速鸣喇叭,这个标志是何含义,238,217,
1,146/238,q_qs8a-7jx8Zif,这个标志是何含义？,限制宽度为3米,解除3米限宽 | 限制高度为3米 | 预告宽度为3米 | 限制宽度为3米,这个标志是何含义,238,217,
1,147/238,q_Qdp9eGFmTPA0,这个标志是何含义？,限制高度为3.5米,限制高度为3.5米 | 限制宽度为3.5米 | 解除3.5米限高 | 限制车距为3.5米,这个标志是何含义,238,217,
1,148/238,q_IafS8ur_OaBD,这个标志是何含义？,限制最高时速40公里,限制40吨轴重 | 限制最高时速40公里 | 前方40米减速 | 最低时速40公里,这个标志是何含义,238,217,
1,149/238,q_t9X1nO00sBG2,这个标志是何含义？,解除时速40公里限制,40米减速行驶路段 | 最低时速40公里 | 解除时速40公里限制 | 最高时速40公里,这个标志是何含义,238,217,
1,150/238,q_bjjnGZBp098K,这个标志是何含义？,停车检查,边防检查 | 禁止通行 | 海关检查 | 停车检查,这个标志是何含义,238,217,
1,151/238,q_6s9sub7bmK1v,这个标志是何含义？,残疾人专用停车位,残疾人出入口 | 注意残疾人 | 残疾人专用通道 | 残疾人专用停车位,这个标志是何含义,238,217,
1,152/238,q_bniAeDtHp6B1,这个标志是何含义？,提醒车辆驾驶人前方有向下的陡坡路段,提醒车辆驾驶人前方道路沿水库、湖泊、河流 | 提醒车辆驾驶人前方有向下的陡坡路段 | 提醒车辆驾驶人前方有向上的陡坡路段 | 提醒车辆驾驶人前方有两个及以上的连续上坡路段,这个标志是何含义,238,217,
1,153/238,q_Jpe-FSmbte5E,这个标志是何含义？,距无人看守铁路道口100米,距无人看守铁路道口50米 | 距有人看守铁路道口50米 | 距无人看守铁路道口100米 | 距有人看守铁路道口100米,这个标志是何含义,238,217,
1,154/238,q_TXy0qiCy3-sW,这个标志是何含义？,车多路段,慢 | 施工路段 | 车多路段 | 慢行,这个标志是何含义,238,217,
1,155/238,q_zva6b9FGLctQ,这个标志是何含义？,30km/h,30km/h | 建议速度 | 最低速度 | 最高速度,这个标志是何含义,238,217,
1,156/238,q_bbgfP_a2_RJE,这个标志是何含义？,注意合流,AY形交叉口 | 主路让行 | 注意分流 | 注意合流,这个标志是何含义,238,217,
1,157/238,q_-VCTxSw9IErz,这个标志是何含义？,提醒车辆驾驶人前方有向下的陡坡路段,提醒车辆驾驶人前方道路沿水A库、湖泊、河流 | 提醒车辆驾驶人前方有向上的陡B坡路段 | 提醒车辆驾驶人前方有向下的陡坡路段 | 提醒车辆驾驶人前方有两个及以上的连续上坡路段,这个标志是何含义,238,217,
1,158/238,q_IvFLa8l0Zmza,这个标志是何含义？,提醒车辆驾驶人前方有两个及以上的连续下坡路段,提醒车辆驾驶人前方有两个及以A上的连续上坡路段 | 提醒车辆驾驶人前方有向上的陡B坡路段 | 提醒车辆驾驶人前方有向下的陡坡路段 | 提醒车辆驾驶人前方有两个及以上的连续下坡路段,这个标志是何含义,238,217,
1,159/238,q_L7IkWBS6fWz2,这个标志是何含义？,窄桥,A窄路 | 右侧变窄 | 左侧变窄 | 窄桥,这个标志是何含义,238,217,
1,160/238,q_Ax_nQDb3_G3B,这个标志是何含义？,注意行人,A人行横道 | 注意行人 | 注意儿童 | 学校区域,这个标志是何含义,238,217,
1,161/238,q_DYkaX6_Kcczk,这个标志是何含义？,不准长时间停车,停 | 不准车辆驶入 | 不准长时间停车 | 停车让行,这个标志是何含义,238,217,
1,162/238,q_9uscEHNgZ1b6,这个标志是何含义？,停车让行,让 | 不准让行 | 会车让行 | 停车让行,这个标志是何含义,238,217,
1,163/238,q_2jeUqX1GNUFz,这个标志是何含义？,硬路肩充许行驶起点,只准直行 | 车道数增加 | 硬路肩充许行驶起点 | 分流处,这个标志是何含义,238,217,
1,164/238,q_8-Jb4k5QBO1f,这个标志是何含义？,人行横道,注意行人 | 人行横道 | 注意儿童 | 学校区域,这个标志是何含义,238,217,
1,165/238,q_eLp9g908DK3-,这个标志是何含义？,禁止校车停车,校车 | 禁止校车通行 | 禁止校车停车 | 校车专用停车位、校车停靠站点,这个标志是何含义,238,217,
1,166/238,q_qwgwAGOrjyy5,这个标志是何含义？,错误,正确 | 错误,这个标志是何含义,238,217,
1,167/238,q_1CXhPUJy83Ev,这个标志是何含义？,施工路段,事故 | 注意危险 | 事故易发路段 | 施工路段,这个标志是何含义,238,217,
1,168/238,q_0914cojNjAWS,这个标志是何含义？,东北路南京路,北G2 | 东北路南京路 | 地点和距离预告 | 十字交叉路口预告,这个标志是何含义,238,217,
1,169/238,q_tGcjL3GK3oAF,这个标志是何含义？,十字交叉路口预告,文慧路徐庄路 | AY形交叉路口预告 | 十字交叉路口预告 | 丁字交叉路口预告,这个标志是何含义,238,217,
1,170/238,q_aHgYhk3pTyqD,这个标志是何含义？,十字交叉路口告知,王平 | 新屿 | 环型交叉路口告知 | 十字交叉路口告知,这个标志是何含义,238,217,
1,171/238,q_DeDYr_rkb7N8,这个标志是何含义？,科技公园,科技公园 | G108G1095209 | 环形交叉路口预告 | 十字交叉路口预告,这个标志是何含义,238,217,
1,172/238,q_mgBOUX2EmqW_,这个标志是何含义？,省道编号,X008 | 国道编号 | 省道编号 | 县道编号,这个标志是何含义,238,217,
1,173/238,q_5-gbhoQPBEhm,这个标志是何含义？,乡道编号,国道编号 | 省道编号 | 县道编号 | 乡道编号,这个标志是何含义,238,217,
1,174/238,q_rH425pj36Drx,这个标志是何含义？,2km南直路,2km南直路 | 15km八一路 | 25kmG101 | 地点距离,这个标志是何含义,238,217,
1,175/238,q_Ub9qmDYtqO4G,这个标志是何含义？,室内停车场,专用停车场 | 露天停车场 | 室内停车场 | 内部停车场,这个标志是何含义,238,217,
1,176/238,q_nKIiy6GomZ4M,这个标志是何含义？,旅游区距离,云居寺 | 旅游区类别 | 旅游区距离 | 旅游区方向,这个标志是何含义,238,217,
1,177/238,q_9JTaAvAsUeUv,这个标志是何含义？,海关,海关 | DOUANE | 国界 | 边防,这个标志是何含义,238,217,
1,178/238,q_8HlSyH2awFj7,这个标志是何含义？,立体交叉直行和右转弯行驶,直行和左转弯行驶 | 直行和右转弯行驶 | 立体交叉直行和右转弯行驶 | 立体交叉直行和左转弯行驶,这个标志是何含义,238,217,
1,179/238,q_HYgs-gj2_fqa,这个标志是何含义？,最高限速50公里/小时,50 | 最高限速50公里/小时 | 最低限速50公里/小时 | 水平高度50米,这个标志是何含义,238,217,
1,180/238,q_mcShXMustOOC,这个标志是何含义？,观景台,观景台 | 停车场 | 休息区 | 停车位,这个标志是何含义,238,217,
1,181/238,q_heKJFmm6I-gx,这个标志是何含义？,应急避难设施（场所）,横过道路设施 | 应急避难设施（场所） | 生活服务区 | 行人专用通道,这个标志是何含义,238,217,
1,182/238,q_IE1jly7C1hGw,这个标志是何含义？,观景台,休息区 | A停车场 | 观景台 | 服务区,这个标志是何含义,238,217,
1,183/238,q_P-ND9fIt25lY,这个标志是何含义？,超高绕行,禁止左转 | 此路不通 | 禁止通行 | 超高绕行,这个标志是何含义,238,217,
1,184/238,q_zuqzv3T9iYtc,这个标志是何含义？,此路不通,此路不通 | BT形路口 | 分流路口 | 减速通行,这个标志是何含义,238,217,
1,185/238,q_rYMqmaMuyJg0,这个标志是何含义？,全路段抓拍,违法抓拍 | 减速拍照区 | 道路流量监测 | 全路段抓拍,这个标志是何含义,238,217,
1,186/238,q_WZ1a5dPLCOsd,这个标志是何含义？,2km,2km | 隧道出口距离 | 隧道入口距离 | 隧道跟车距离,这个标志是何含义,238,217,
1,187/238,q_gGAzNQc5rL2w,这个标志是何含义？,汕头深圳,G15 | 汕头深圳 | 入口500m | 高速公路终点预告,这个标志是何含义,238,217,
1,188/238,q_HPZW_6Gs7iX6,这个标志是何含义？,高速公路下一出口预告,G3G3天津济南 | 高速公路右侧出口预告 | 高速公路下一出口预告 | 高速公路地点、方向预告,这个标志是何含义,238,217,
1,189/238,q_oXwewm7EoU3i,这个标志是何含义？,高速公路终点地名预告,8km璜塘 | 17G42km | 上海25km | 高速公路终点地名预告,这个标志是何含义,238,217,
1,190/238,q_A_M2Q9yqBQLr,这个标志是何含义？,高速公路界牌编号,国家高速G2 | 京沪高速 | 高速公路界牌编号 | 高速公路里程编号,这个标志是何含义,238,217,
1,191/238,q_adeGoAqVq3_k,这个标志是何含义？,下一出口,下一出口 | 15km | 高速公路下一出口预告 | 高速公路右侧出口预告,这个标志是何含义,238,217,
1,192/238,q_-KB9zoAaKF8U,这个标志是何含义？,G204,145出口 | G204 | 如皋 海安 | 高速公路下一出口预告,这个标志是何含义,238,217,
1,193/238,q_lHgWaVh0Jo8D,这个标志是何含义？,G1511,G1511 | 高速公路起点 | 高速公路出口 | 高速公路入口,这个标志是何含义,238,217,
1,194/238,q_KW9AXpKxFQlL,这个标志是何含义？,高速公路入口,G15 | 高速公路起点 | 高速公路出口 | 高速公路入口,这个标志是何含义,238,217,
1,195/238,q_vklzjZ7ydB2S,这个标志是何含义？,道路交通信息,1620 | 道路交通信息 | 高速公路报警电话号码 | 高速公路交通广播频率,这个标志是何含义,238,217,
1,196/238,q_c3uaSB9h6RVC,这个标志是何含义？,停车领卡,停车领卡 | 停车缴费 | 停车检查 | ETC通道,这个标志是何含义,238,217,
1,197/238,q_Z_K9iCVzCd4z,这个标志是何含义？,高速公路收费处,电子收费ETC | 收费站 | 高速公路领卡处 | 高速公路收费处,这个标志是何含义,238,217,
1,198/238,q_8mpvtg5Ir5SO,这个标志是何含义？,ETC,ETC | 高速公路ETC车道 | 高速公路缴费车道 | 高速公路检查车道,这个标志是何含义,238,217,
1,199/238,q_GQR3IXtga6ni,这个标志是何含义？,高速公路特殊天气最高速度,60kmh | 高速公路特殊天气最高速度 | 高速公路特殊天气建议速度 | 高速公路特殊天气最低速度,这个标志是何含义,238,217,
1,200/238,q_HjknjD5pGOW9,这个标志是何含义？,高速公路报警电话,救援 | 12122 | 高速公路公用电话 | 高速公路报警电话,这个标志是何含义,238,217,
1,201/238,q_FPgnVrfOTEXC,这个标志是何含义？,正确,正确 | 错误,这个标志是何含义,238,217,
1,202/238,q_qe2HgGeTYJMv,这个标志是何含义？,浪网,浪网 | 高速公路停车区预告 | 高速公路避险处预告 | 高速公路服务区预告,这个标志是何含义,238,217,
1,203/238,q_BvnmOcy7-RTk,这个标志是何含义？,ETC收费站入口,电子收费ETC | 高速公路收费处 | ETC收费站入口 | 电子不停车收费车道,这个标志是何含义,238,217,
1,204/238,q_F6YUC3ymBa4X,这个标志是何含义？,停车点,Pi | 停车点 | 服务站 | 停车场,这个标志是何含义,238,217,
1,205/238,q_7K0s9Nfsodla,这个标志是何含义？,左转车道,分向车道 | 右转车道 | 掉头车道 | 左转车道,这个标志是何含义,238,217,
1,206/238,q_GnagVAvuAUuR,这个标志是何含义？,公交,公交 | 公交专用车道 | 大型客车专用车道 | 快速公交系统专用车道,这个标志是何含义,238,217,
1,207/238,q_cmURWAkNOmFi,这个标志是何含义？,预告宽度为3米,3 | A解除3米限宽 | 限制高度为3米 | 预告宽度为3米,这个标志是何含义,238,217,
1,208/238,q_BBlw6a4tRXYD,这个标志是何含义？,3.5m,3.5m | 限制高度为3.5米 | 限制宽度为3.5米 | 解除3.5米限高,这个标志是何含义,238,217,
1,209/238,q_OWwHPB8JB5-L,这个标志是何含义？,限制40吨轴重,40 | 限制40吨轴重 | 限制最高时速40公里 | 前方40米减速,这个标志是何含义,238,217,
1,210/238,q_jArIfz12Nx85,这个标志是何含义？,海关检查,检查 | 边防检查 | 禁止通行 | 海关检查,这个标志是何含义,238,217,
1,211/238,q_g9x0ZZh8i0Ds,这个标志是何含义？,汕头深圳,家高速G15 | 汕头深圳 | 入口500m | 高速公路终点预告,这个标志是何含义,238,217,
1,212/238,q_sWuC0pNfkvCe,这个标志是何含义？,提醒车辆驾驶人前方有向上的陡坡路段,提醒车辆驾驶人前方道路沿水A库、湖泊、河流 | 提醒车辆驾驶人前方有向上的陡坡路段 | 提醒车辆驾驶人前方有两个及以上的连续上坡路段 | 提醒车辆驾驶人前方有向下的陡坡路段,这个标志是何含义,238,217,
1,213/238,q_fEN_yc32Mh2Q,这个标志是何含义？,十字交叉路口,AT形交叉路口 | Y形交叉路口 | 十字交叉路口 | 环形交叉路口,这个标志是何含义,238,217,
1,214/238,q_TnZU7VvZPQrD,这个标志是何含义？,T形交叉路口,T形交叉路口 | BY形交叉路口 | 十字交叉路口 | 环形交叉路口,这个标志是何含义,238,217,
1,215/238,q_ES_KSlLGwWoB,这个标志是何含义？,）十字交叉路口告知,王平 | 新屿 | 环型交叉路口告知 | ）十字交叉路口告知,这个标志是何含义,238,217,
1,216/238,q_L6vNtfuXFuNS,这个标志是何含义？,）十字交叉路口告知,马驹桥廊坊大羊坊 | ）十字交叉路口告知 | 互通式立体交叉告知 | CY形交叉路口告知,这个标志是何含义,238,217,
1,217/238,q_9Mpy2d-Vyi6y,这个标志是何含义？,国道编号,S203 | 国道编号 | 省道编号 | 县道编号,这个标志是何含义,238,217,
1,218/238,q_yVJYhVASSLr5,这个标志是何含义？,不准驶入前方路段,对面可能会有来车 | 可直接驶入此路段 | 不准驶入前方路段 | 进入此路段要减速,这个标志是何含义,238,217,
1,219/238,q_rjKqw_6xLqQi,这个标志是何含义？,警告标志,警告标志 | 禁令标志 | 指示标志 | 指路标志,这个标志是何含义,238,217,
1,220/238,q_YpzCEUmt3ihs,这个标志是何含义？,前方路口不能右转,前方路口不能右转 | 前方路口不能直行 | 前方是十字路口 | 前方路口不能左转,这个标志是何含义,238,217,
1,221/238,q_-csONfEi5bET,这个标志是何含义？,前方路口不能左转,前方路口不能右转 | 前方路口不能直行 | 前方是十字路口 | 前方路口不能左转,这个标志是何含义,238,217,
1,222/238,q_q5Qfjn28fFW_,这个标志是何含义？,小型客车车道,出租车专用车道 | 小型客车车道 | 机动车车道 | 多乘员车辆专用车道,这个标志是何含义,238,217,
1,223/238,q_Birt1LKaug7L,这个标志是何含义？,电动自行车行驶,非机动车车道 | 电动自行车车道 | 非机动车行驶 | 电动自行车行驶,这个标志是何含义,238,217,
1,224/238,q_lwmSrI-OuCFH,这个标志是何含义？,指示非机动车与行人共享空间通行,指示行人骑行通过 | 指示行人推行通过 | 指示非机动车与行人共享空间通行 | 指示非机动车与行人分开空间通D行,这个标志是何含义,238,217,
1,225/238,q_ZnLXW9gc26R5,这个标志是何含义？,指示大型货车通行,大型货车靠右行驶 | 只允许小型汽车行驶 | 只允许货车通行 | 指示大型货车通行,这个标志是何含义,238,217,
1,226/238,q_08kKtXCQJwPg,这个标志是何含义？,硬路肩允许行驶即将结束,前方左转 | 车道数减少 | 硬路肩允许行驶即将结束 | 分流处,这个标志是何含义,238,217,
1,227/238,q_TDMuKFdXsP3J,这个标志是何含义？,预告宽度为3米,3 | 解除3米限宽 | B限制高度为3米 | 预告宽度为3米,这个标志是何含义,238,217,
1,228/238,q_oKk8AXUJbLXy,这个标志是何含义？,十字交叉路口告知,马驹桥廊坊大羊坊 | 十字交叉路口告知 | 互通式立体交叉告知 | CY形交叉路口告知,这个标志是何含义,238,217,
1,229/238,q_j2gUZInlgCTI,这个标志是何含义？,提醒车辆驾驶人前方有两个及以上的连续下坡路段,提醒车辆驾驶人前方有两个及以上的连续上坡路段 | 提醒车辆驾驶人前方有向上的陡坡路段 | 提醒车辆驾驶人前方有向下的陡坡路段 | 提醒车辆驾驶人前方有两个及以上的连续下坡路段,这个标志是何含义,238,217,
1,230/238,q_Jinq18MFLh98,这个标志是何含义？,旅游区类别,16灵山km | 旅游区类别 | 旅游区距离 | 旅游区方向,这个标志是何含义,238,217,
1,231/238,q_Ost1vm0kzzE7,这个标志是何含义？,观景台,休息区 | 停车场 | 观景台 | 服务区,这个标志是何含义,238,217,
1,232/238,q_BzQLgBeP6KBs,这个标志是何含义？,高速公路入口,国家高速G15 | 高速公路起点 | 高速公路出口 | 高速公路入口,这个标志是何含义,238,217,
1,233/238,q_PxObAwd8OzrL,这个标志是何含义？,高速公路特殊天气最高速度,60km/h | 高速公路特殊天气最高速度 | 高速公路特殊天气建议速度 | 高速公路特殊天气最低速度,这个标志是何含义,238,217,
1,234/238,q_DwFty13GG1ge,这个标志是何含义？,高速公路收费站预告,天目湖 | 高速公路收费站预告 | 高速公路服务区预告 | 高速公路避险处预告,这个标志是何含义,238,217,
1,235/238,q_Rg1WjPWgrQr6,这个标志是何含义？,电子收费ETC,电子收费ETC | 高速公路ETC车道指引 | 高速公路领卡车道指引 | 高速公路缴费车道指引,这个标志是何含义,238,217,
1,236/238,q_SqG3m16pk6uC,这个标志是何含义？,公交车专用车道,快速公交 | 公交车专用车道 | 快速公交系统（BRT）车辆专用车道 | 大型客车专用车道,这个标志是何含义,238,217,
1,237/238,q_aH8FSKnMVQgb,这个标志是何含义？,出租车专用停车位,公交 | 出租车专用停车位 | 公交车专用停车位 | 校车专用停车位,这个标志是何含义,238,217,
1,238/238,q_-WdsdNFeLYDN,这个标志是何含义？,指示大型货车靠右行驶,货车靠右行驶 | 禁止货车通行 | 指示大型货车靠右行驶 | 指示货车靠右行驶,这个标志是何含义,238,217,
2,1/22,q_v-UExJfxotvP,图中交通标志是指（ ）,交叉路口,急弯路 | 交叉路口 | 反向弯路 | 注意合流,图中交通标志是指,22,16,
2,2/22,q_0KnPGg45rfTk,图中交通标志是指（,S304白涧三河,S304白涧三河 | 双塔G102唐山 | 交叉路口预告 | 地点距离,图中交通标志是指,22,16,
2,3/22,q_t1AUSGIBPMNd,图中交通标志是指（,地点指引,昌平 | 顺义 | 地点识别 | 地点指引,图中交通标志是指,22,16,
2,4/22,q_eXWQfj4Z68tR,图中交通标志是指（ ）。,禁止三轮车驶入,禁止电动自行车进入 | 禁止三轮车驶入 | 禁止非机动车进入 | 禁止摩托车驶入,图中交通标志是指,22,16,
2,5/22,q_CutEZlhUBJoh,图中交通标志是指（ ）。,交叉路口,A急弯路 | 交叉路口 | 反向弯路 | 注意合流,图中交通标志是指,22,16,
2,6/22,q_tdibJuA_3zCD,图中交通标志是指（ ）。,燕郊,大厂 | 燕郊 | 地点距离 | 交叉路口预告,图中交通标志是指,22,16,
2,7/22,q_Qp9OZIViW9Y1,图中交通标志是指（ ）。,注意不利气象条件,注意路面结冰 | 注意雨（雪）天 | 注意雾天 | 注意不利气象条件,图中交通标志是指,22,16,
2,8/22,q_vite_P73Fg00,图中交通标志是指（ ）。,公滨路,学府路 | 公滨路 | 黄河路 | 地点距离,图中交通标志是指,22,16,
2,9/22,q_Ju8V8PSz6lFo,图中交通标志是指（ ）。,禁止拖拉机驶入,禁止载货汽车驶入 | 禁止拖拉机驶入 | 禁止三轮汽车、低速货车驶入 | 禁止摩托车驶入,图中交通标志是指,22,16,
2,10/22,q_0aJQ-1Zh9m83,图中交通标志是指（ ）。,禁止行人进入,A行人 | 禁止行人进入 | 注意行人 | 人行横道,图中交通标志是指,22,16,
2,11/22,q_2mICndmCxduz,图中交通标志是指（ ）。,注意雨（雪）天,注意路面结冰 | 注意雨（雪）天 | 注意雾天 | 注意不利气象条件,图中交通标志是指,22,16,
2,12/22,q_Wdk1t17GLdxM,图中交通标志是指（ ）。,注意路面结冰,注意路面结冰 | 注意雨（雪）天 | 注意雾天 | 注意不利气象条件,图中交通标志是指,22,16,
2,13/22,q_qG_aLVdqPGrt,图中交通标志是指（ ）。,注意雨（雪）天,雾 | 注意路面结冰 | 注意雨（雪）天 | 注意雾天,图中交通标志是指,22,16,
2,14/22,q_6mxQoPmVuiBR,图中交通标志是指（ ）。,南直路阜成路学院路,长江路 | 南直路阜成路学院路 | 地点距离 | 交叉路口预告,图中交通标志是指,22,16,
2,15/22,q_ZgpwMlBgGB3A,图中交通标志是指（,左侧绕行,左侧绕行 | 单向通行 | 注意危险 | 右侧绕行,图中交通标志是指,22,16,
2,16/22,q_IAuhvlCERIPp,图中交通标志是指（ ）。,右侧绕行,单向通行 | 右侧绕行 | 注意危险 | 左侧绕行,图中交通标志是指,22,16,
2,17/22,q_Ey6U2tXB8iME,图中交通标志是指（ ）,注意儿童,注意行人 | 人行横道 | 注意儿童 | 学校区域,图中交通标志是指,22,16,
2,18/22,q_WgVkOVr-MLk7,图中交通标志是指（ ）。,交叉路口,急弯路 | 交叉路口 | 反向弯路 | 注意合流,图中交通标志是指,22,16,
2,19/22,q_3o-UsrO0thdB,图中交通标志是指（ ）。,禁止行人进入,行人 | 禁止行人进入 | 注意行人 | 人行横道,图中交通标志是指,22,16,
2,20/22,q_PLBbGvzobaen,图中交通标志是指（ ）。,傍山险路,临崖路 | 堤坝路 | 傍山险路 | 落石路,图中交通标志是指,22,16,
2,21/22,q_MkQl6EQuP9bJ,图中交通标志是指（ ）。,注意儿童,注意行人 | 人行横道 | 注意儿童 | 学校区域,图中交通标志是指,22,16,
2,22/22,q_sU5RAchUWp5-,图中交通标志是指（ ）,左侧绕行,左侧绕行 | 单向通行 | 注意危险 | 右侧绕行,图中交通标志是指,22,16,
3,1/17,q_ZnYr9FUPA0F_,这个标志是什么含义？,左侧通行,左侧通行 | 不准通行 | 两侧通行 | 右侧通行,这个标志是什么含义,17,16,
3,2/17,q_apOx5mgCwoQz,这个标志是什么含义？,观景台,观景台 | 停车场 | 休息区 | 停车位,这个标志是什么含义,17,16,
3,3/17,q_NZ9F1ULIiyR8,这个标志是什么含义？,硬路肩允许行驶终点,禁止硬路肩行驶 | 车道数增加 | 车道数减少 | 硬路肩允许行驶终点,这个标志是什么含义,17,16,
3,4/17,q_3x5a-3cSGjS8,这个标志是什么含义？,电动自行车行驶,非机动车车道 | 电动自行车车道 | 非机动车行驶 | 电动自行车行驶,这个标志是什么含义,17,16,
3,5/17,q_LgB4SazQIRGC,这个标志是什么含义？,小型客车车道,出租车专用车道 | 小型客车车道 | 机动车车道 | 多乘员车辆专用车道,这个标志是什么含义,17,16,
3,6/17,q_utD9Pdy7GH1X,这个标志是什么含义？,高速公路直出车道指引,高速公路直出车道指引 | 高速公路地点距离预告 | 高速公路左侧出口预告 | 高速公路右侧出口预告,这个标志是什么含义,17,16,
3,7/17,q_WApemPbq-FLM,这个标志是什么含义？,不准驶入前方路段,对面可能会有来车 | 可直接驶入此路段 | 不准驶入前方路段 | 进入此路段要减速,这个标志是什么含义,17,16,
3,8/17,q_TFO-si_tuIqI,这个标志是什么含义？,前方路口不能左转,前方路口不能右转 | 前方路口不能直行 | 前方是十字路口 | 前方路口不能左转,这个标志是什么含义,17,16,
3,9/17,q_OF7gYkpfOmgv,这个标志是什么含义？,人工收费车道,高速公路收费站 | 高速公路领卡处 | ETC收费车道 | 人工收费车道,这个标志是什么含义,17,16,
3,10/17,q_begwkTw-035L,这个标志是什么含义？,进入前方路口要停车观察,进入前方路口要加速通过 | 进入前方路口要停车观察 | 进入前方路口要注意车辆 | 进入前方路口要减速慢行,这个标志是什么含义,17,16,
3,11/17,q_2mEmRyeCuq7a,这个标志是什么含义？,观景台,观景台 | 300m | 停车场 | 休息区,这个标志是什么含义,17,16,
3,12/17,q_8BGuNgspWqnP,这个标志是什么含义？,进入前方路口要加速通过,停 | 进入前方路口要加速通过 | 进入前方路口要停车观察 | 进入前方路口要注意车辆,这个标志是什么含义,17,16,
3,13/17,q_r9jMzm4HDPXo,这个标志是什么含义？,前方路口不能直行,前方路口不能右转 | 前方路口不能直行 | 前方是十字路口 | 前方路口不能左转,这个标志是什么含义,17,16,
3,14/17,q_R0GH6dFilmJp,这个标志是什么含义？,禁令标志,警告标志 | 禁令标志 | 指示标志 | 指路标志,这个标志是什么含义,17,16,
3,15/17,q_G1Ki7u0ERKBZ,这个标志是什么含义？,错误,正确 | 错误,这个标志是什么含义,17,16,
3,16/17,q_SQyTM-liEQwg,这个标志是什么含义？,B进入前方路口要停车让行,让 | A进入前方路口要注意观察 | B进入前方路口要停车让行 | 进入前方路口要减速让行,这个标志是什么含义,17,16,
3,17/17,q_9SLvVl-y2BYa,这个标志是什么含义？,前方路口只能直行,前方路口只能右转 | 前方路口只能左转 | 前方路口只能直行 | 前方是T形交叉路口,这个标志是什么含义,17,16,
4,1/14,q_j27tokTswhsK,机动车仪表板上如图所示指示灯亮表示什么？,已开启前照灯远光,已开启前照灯近光 | 已开启前雾灯 | 已开启前照灯远光 | 已开启后雾灯,机动车仪表板上如图所示指示灯亮表示什么,14,14,
4,2/14,q_fJ8tTD-fGIJQ,机动车仪表板上如图所示指示灯亮表示什么？,没有系好安全带,没有系好安全带 | 安全带出现故障 | 已经系好安全带 | 安全带系得过松,机动车仪表板上如图所示指示灯亮表示什么,14,14,
4,3/14,q_9fc9JkPwHWvf,机动车仪表板上如图所示指示灯亮表示什么？,前雾灯打开,前雾灯打开 | 后雾灯打开 | 前照灯近光打开 | 前照灯远光打开,机动车仪表板上如图所示指示灯亮表示什么,14,14,
4,4/14,q_V88oIhvu3s3h,机动车仪表板上如图所示指示灯亮表示什么？,前后位置灯开启,危险报警闪光灯开启 | 前照灯开启 | 前后位置灯开启 | 前后雾灯开启,机动车仪表板上如图所示指示灯亮表示什么,14,14,
4,5/14,q_9u0j90PNQkTt,机动车仪表板上如图所示指示灯亮表示什么？,制动系统出现异常,制动踏板没回位 | 驻车制动解除 | 行车制动器失效 | 制动系统出现异常,机动车仪表板上如图所示指示灯亮表示什么,14,14,
4,6/14,q_ItPP0jJZanrm,机动车仪表板上如图所示指示灯亮表示什么？,防抱死制动系统故障,防抱死制动系统故障 | 驻车制动器处于解除状态 | 安全气囊处于故障状态 | 行车制动系统故障,机动车仪表板上如图所示指示灯亮表示什么,14,14,
4,7/14,q_R8vu69XyExKS,机动车仪表板上如图所示指示灯亮表示什么？,驻车制动器处于制动状态,行车制动系统出现故障 | 驻车制动器处于制动状态 | 防抱死制动系统出现故障 | 驻车制动器处于解除状态,机动车仪表板上如图所示指示灯亮表示什么,14,14,
4,8/14,q_DS_p0a92eIv0,机动车仪表板上如图所示指示灯亮表示什么？,危险报警闪光灯闪烁,右转向指示灯闪烁 | 危险报警闪光灯闪烁 | 左转向指示灯闪烁 | 车前后位置灯闪烁,机动车仪表板上如图所示指示灯亮表示什么,14,14,
4,9/14,q_y2DzBVvACXnK,机动车仪表板上如图所示指示灯亮表示什么？,左转向指示灯闪烁,车前后位置灯亮起 | 右转向指示灯闪烁 | 左转向指示灯闪烁 | 车前后示宽灯亮起,机动车仪表板上如图所示指示灯亮表示什么,14,14,
4,10/14,q_twbcy8kDv_8m,机动车仪表板上如图所示指示灯亮表示什么？,充电电路故障,充电电流过大 | 蓄电池损坏 | 电流表故障 | 充电电路故障,机动车仪表板上如图所示指示灯亮表示什么,14,14,
4,11/14,q_K74PJGInJDKQ,机动车仪表板上如图所示指示灯亮表示什么？,冷却液不足,制动液不足 | 洗涤液不足 | 冷却系统故障 | 冷却液不足,机动车仪表板上如图所示指示灯亮表示什么,14,14,
4,12/14,q_tYg89Lza0KOv,机动车仪表板上如图所示指示灯亮表示什么？,已开启前照灯近光,已开启前照灯远光 | 已开启前雾灯 | 已开启后雾灯 | 已开启前照灯近光,机动车仪表板上如图所示指示灯亮表示什么,14,14,
4,13/14,q_VUeXzN0psglF,机动车仪表板上如图所示指示灯亮表示什么？,后雾灯打开,前雾灯打开 | 后雾灯打开 | 前照灯近光打开 | 前照灯远光打开,机动车仪表板上如图所示指示灯亮表示什么,14,14,
4,14/14,q_1tIScU0f7GyU,机动车仪表板上如图所示指示灯亮表示什么？,ABS,ABS | 防抱死制动系统故障 | 驻车制动器处于解除状态 | 安全气囊处于故障状态,机动车仪表板上如图所示指示灯亮表示什么,14,14,
5,1/13,q_D5SFu4Ei5hbk,遇到图中所示的情况，应怎样行驶？,在停止线以外停车等待行人通过,从行人的前方绕行通过路口 | 在停止线以外停车等待行人通过 | 鸣喇叭告知行人停止通过路口 | 可以从两个行人中间低速缓慢穿过,遇到图中所示的情况应怎样行驶,13,8,
5,2/13,q_sx4ewxeNKmY0,遇到图中所示的情况，应怎样行驶？,等待两个行人都通过路口再右转弯,加速在第一个行人的前方向右转弯 | 绕到第一个行人的后方向右转弯 | 等待两个行人都通过路口再右转弯 | 鸣喇叭让行人停止通过后向右转弯,遇到图中所示的情况应怎样行驶,13,8,
5,3/13,q_sogMphajIrMq,遇到图中所示的情况，应怎样行驶？,与前车保持安全距离跟车行驶,可以借右侧应急车道行驶 | 与前车保持安全距离跟车行驶 | 紧跟左侧车道绿色小客车行驶 | 鸣喇叭或变换远近光灯催促,遇到图中所示的情况应怎样行驶,13,8,
5,4/13,q_0y7etqtQ6LJt,遇到图中所示的情况，应怎样行驶？,等待对面车辆直行通过后再向左转弯,如果已经越过停止线就可以加速向左转弯 | 不用考虑对面车辆直接向左转弯 | 只要不影响左侧车辆直行就可以左转弯 | 等待对面车辆直行通过后再向左转弯,遇到图中所示的情况应怎样行驶,13,8,
5,5/13,q_hhVBJ0oOSQNY,遇到图中所示的情况，应怎样行驶？,等待两个行人都通过路口再右转弯,加速在第一个行人的前方向右转A弯 | 绕到第一个行人的后方向右转弯 | 等待两个行人都通过路口再右转弯 | 鸣喇叭让行人停止通过后向右转D弯,遇到图中所示的情况应怎样行驶,13,8,
5,6/13,q_Wt-FS3pJ4W_C,遇到图中所示的情况，应怎样行驶？,在停止线以外停车等待行人通过,从行人的前方绕行通过路口 | 在停止线以外停车等待行人通过 | 鸣喇叭告知行人停止通过路口 | 可以从两个行人中间低速缓慢穿D过,遇到图中所示的情况应怎样行驶,13,8,
5,7/13,q_DqGrx0CCqYrc,遇到图中所示的情况，应怎样行驶？,提前减速观察确认是否能安全通过,只要没有行人横过就可以加速通A过 | 提前减速观察确认是否能安全通过 | 鸣喇叭告知两边的行人和非机动车 | 如果来不及减速就直接按常速通过,遇到图中所示的情况应怎样行驶,13,8,
5,8/13,q_eSX8h8KbyF68,遇到图中所示的情况，应怎样行驶？,停车让行人先通过,停车让行人先通过 | 减速缓慢行驶通过 | 连续鸣喇叭告知行人 | 加速从行人的前方通过,遇到图中所示的情况应怎样行驶,13,8,
5,9/13,q_OqQIT-5dQW6c,遇到图中所示的情况，应怎样行驶？,等待两个行人都通过路口再右转弯,加速在第一个行人的前方向右转A弯 | 绕到第一个行人的后方向右转弯 | 等待两个行人都通过路口再右转弯 | 鸣喇叭让行人停止通过后向右转弯,遇到图中所示的情况应怎样行驶,13,8,
5,10/13,q_Wtg6_jOq6JOr,遇到图中所示的情况，应怎样行驶？,错误,正确 | 错误,遇到图中所示的情况应怎样行驶,13,8,
5,11/13,q_MqGaZHCIMDgK,遇到图中所示的情况，应怎样行驶？,等待左侧车辆直行通过后再向右转弯,如果已经越过停止线就可以加速向右转弯 | 不用考虑左侧车辆直接向右转弯 | 只要不影响左侧车辆直行就可以右转弯 | 等待左侧车辆直行通过后再向右转弯,遇到图中所示的情况应怎样行驶,13,8,
5,12/13,q_-0pLl_ac39Q-,遇到图中所示的情况，应怎样行驶？,等待对面车辆直行通过后再向左转弯,如果已经越过停止线就可以加速A向左转弯 | 不用考虑对面车辆直接向左转弯 | 只要不影响左侧车辆直行就可以左转弯 | 等待对面车辆直行通过后再向左转弯,遇到图中所示的情况应怎样行驶,13,8,
5,13/13,q_O3I51ZeIIsst,遇到图中所示的情况，应怎样行驶？,提前减速观察确认是否能安全通过,只要没有行人横过就可以加速通过 | 提前减速观察确认是否能安全通过 | 鸣喇叭告知两边的行人和非机动车 | 如果来不及减速就直接按常速通过,遇到图中所示的情况应怎样行驶,13,8,
6,1/9,q_GzJktZZW2tf8,驾驶电动汽车，图中指示灯亮起表示（ ）。,胎压故障警告,胎压故障警告 | 低荷电状态警告 | 驱动电机故障 | 系统故障,驾驶电动汽车图中指示灯亮起表示,9,9,
6,2/9,q_QGx_OCWQWvJG,驾驶电动汽车，图中指示灯亮起表示（ ）。,电机过热警告,驱动功率限制 | 驱动电机故障 | 动力蓄电池故障 | 电机过热警告,驾驶电动汽车图中指示灯亮起表示,9,9,
6,3/9,q_fLD_Mam0TTn1,驾驶电动汽车，图中指示灯亮起表示（ ）。,动力蓄电池高温报警,低荷电状态警告 | 动力蓄电池高温报警 | 动力蓄电池故障 | 驱动功率限制,驾驶电动汽车图中指示灯亮起表示,9,9,
6,4/9,q_L-_36RVB2o1N,驾驶电动汽车，图中指示灯亮起表示（ ）。,低荷电状态警告,低荷电状态警告 | 正在充电 | 动力蓄电池故障 | 驱动功率限制,驾驶电动汽车图中指示灯亮起表示,9,9,
6,5/9,q_t828I3jUQzZm,驾驶电动汽车，图中指示灯亮起表示（ ）。,充电系统故障,低荷电状态警告 | 正在充电 | 充电系统故障 | 动力蓄电池故障,驾驶电动汽车图中指示灯亮起表示,9,9,
6,6/9,q_5FTwshw5bD1d,驾驶电动汽车，图中指示灯亮起表示（ ）。,驱动电机故障,驱动功率限制 | 驱动电机故障 | 动力蓄电池故障 | 低荷电状态警告,驾驶电动汽车图中指示灯亮起表示,9,9,
6,7/9,q__H905Yh3aSs-,驾驶电动汽车，图中指示灯亮起表示（ ）。,系统故障,动力蓄电池故障 | 低荷电状态警告 | 驱动电机故障 | 系统故障,驾驶电动汽车图中指示灯亮起表示,9,9,
6,8/9,q_AREDVDi9qoVC,驾驶电动汽车，图中指示灯亮起表示（ ）。,正在充电,动力蓄电池故障 | 驱动功率限制 | 正在充电 | 低荷电状态警告,驾驶电动汽车图中指示灯亮起表示,9,9,
6,9/9,q_LqrNuIASvqJb,驾驶电动汽车，图中指示灯亮起表示（ ）。,动力蓄电池故障,低荷电状态警告 | 正在充电 | 动力蓄电池故障 | 驱动功率限制,驾驶电动汽车图中指示灯亮起表示,9,9,
7,1/9,q_0KiXYggTWeA2,红圈内标线是（ ）。,左弯待转区线,小型车转弯线 | 掉头引导线 | 左弯待转区线 | 交叉路停车线,红圈内标线是,9,9,
7,2/9,q_ddNgOObQXG3O,红圈内标线是（ ）。,车距确认标线,人行横道预告 | 车距确认标线 | 减速让行预告 | 道路出口标线,红圈内标线是,9,9,
7,3/9,q_PezTTpkZmmDw,红圈内标线是（ ）。,停车让行线,等候放行线 | 停车让行线 | 减速让行线 | 左弯待转线,红圈内标线是,9,9,
7,4/9,q_ecZcJOJC_1I6,红圈内标线是（ ）。,减速让行线,等候放行线 | 停车让行线 | 减速让行线 | 左弯待转线,红圈内标线是,9,9,
7,5/9,q_ESG-aWk9masl,红圈内标线是（ ）。,禁止跨越对向车行道分界线,可跨越对向车道分界线 | 禁止跨越对向车行道分界线 | 双侧可跨越同向车道分界线 | 单向行驶车道分界线,红圈内标线是,9,9,
7,6/9,q_4IuoBhToCB05,红圈内标线是（ ）。,禁止跨越同向车行道分界线,禁止跨越对向车行道分界线 | 双侧可跨越同向车道分界线 | 禁止跨越同向车行道分界线 | 单侧可跨越同向车道分界线,红圈内标线是,9,9,
7,7/9,q_z9ZmXUNiAs7z,红圈内标线是（ ）。,公交专用车道,大客车专用车道 | 营运客车专用车道 | 出租车专用车道 | 公交专用车道,红圈内标线是,9,9,
7,8/9,q_HLDYdBn4JqxQ,红圈内标线是（ ）。,车行道横向减速标线,车行道横向减速标线 | 道路施工提示标线 | 车行道纵向减速标线 | 车道变少提示标线,红圈内标线是,9,9,
7,9/9,q_solb2-FmNbyb,红圈内标线是（ ）。,接近障碍物标线,接近移动障碍物标线 | 加宽隔离带标线 | 接近障碍物标线 | 接近狭窄路面标线,红圈内标线是,9,9,
8,1/7,q_dsfV51bOnDR-,红圈内导向箭头含义是（ ）。,指示前方右转弯,指示前方右转弯 | 指示前方掉头 | 指示前方直行 | 指示向左变道,红圈内导向箭头含义是,7,7,
8,2/7,q_stA9ZLV7cwxv,红圈内导向箭头含义是（ ）。,指示直行或右转弯,指示向右转弯或掉头 | 指示直行或右转弯 | 指示直行或向右变道 | 指示直行或掉头,红圈内导向箭头含义是,7,7,
8,3/7,q_P71rgH9EGZVQ,红圈内导向箭头含义是（ ）。,指示直行或左转弯,指示向左转弯或掉头 | 指示直行或向左变道 | 指示直行或左转弯 | 指示直行或掉头,红圈内导向箭头含义是,7,7,
8,4/7,q_f6hODAJZm2wi,红圈内导向箭头含义是（ ）。,指示直行,指示车道 | 指示禁行 | 指示合流 | 指示直行,红圈内导向箭头含义是,7,7,
8,5/7,q_UE31kgmNdFBD,红圈内导向箭头含义是（,指示前方左转弯,指示前方右转弯 | 指示向左变道 | 指示前方直行 | 指示前方左转弯,红圈内导向箭头含义是,7,7,
8,6/7,q_j4MONL90a_pX,红圈内导向箭头含义是（,指示前方掉头,指示前方右转 | 指示前方掉头 | 指示前方直行 | 指示向左变道,红圈内导向箭头含义是,7,7,
8,7/7,q_r9fQZivOkBZc,红圈内导向箭头含义是（,指示前方可左转或掉头,指示前方可直行或向左变道 | 指示前方可直行或左转 | 指示前方可直行或掉头 | 指示前方可左转或掉头,红圈内导向箭头含义是,7,7,
9,1/7,q_S1AkbN-dzWBK,这是什么操纵装置？,变速器操纵杆,节气门操纵杆 | 驻车制动器操纵杆 | 变速器操纵杆 | 离合器操纵杆,这是什么操纵装置,7,5,
9,2/7,q_3SruOAvY574H,这是什么操纵装置？,刮水器开关,除雾器开关 | 转向灯开关 | 前照灯开关 | 刮水器开关,这是什么操纵装置,7,5,
9,3/7,q_NMi8wTvC32EX,这是什么操纵装置？,空调开关,ONAC | A灯光开关 | 空调开关 | 点火开关,这是什么操纵装置,7,5,
9,4/7,q_PNoA5wLMke9L,这是什么操纵装置？,除雾器开关,除雾器开关 | 转向灯开关 | 前照灯开关 | 刮水器开关,这是什么操纵装置,7,5,
9,5/7,q_FM6-GvRQhDxM,这是什么操纵装置？,空调开关,ONACC | A灯光开关 | 空调开关 | 点火开关,这是什么操纵装置,7,5,
9,6/7,q_iSvnDsiSsX8C,这是什么操纵装置？,驻车制动器操纵杆,驻车制动器操纵杆 | 节气门操纵杆 | 变速器操纵杆 | 离合器操纵杆,这是什么操纵装置,7,5,
9,7/7,q_RleNXBQGx-F9,这是什么操纵装置？,空调开关,ACCON | 灯光开关 | 空调开关 | 点火开关,这是什么操纵装置,7,5,
10,1/7,q_QRj9FOEicEcZ,这属于哪一种标志？,警告标志,警告标志 | 指路标志 | 指示标志 | 禁令标志,这属于哪一种标志,7,7,
10,2/7,q_huJOM7q0EVk5,这属于哪一种标志？,禁令标志,警告标志 | 禁令标志 | 指示标志 | 指路标志,这属于哪一种标志,7,7,
10,3/7,q_0hhSmjZ87-er,这属于哪一种标志？,停让,停让 | 禁令标志 | 指示标志 | 指路标志,这属于哪一种标志,7,7,
10,4/7,q_JbkH_gTLAyv7,这属于哪一种标志？,云居寺,云居寺 | 旅游区标志 | 作业区标志 | 告示标志,这属于哪一种标志,7,7,
10,5/7,q_CeJ8FV7B5Glx,这属于哪一种标志？,指示标志,警告标志 | 禁令标志 | 指示标志 | 指路标志,这属于哪一种标志,7,7,
10,6/7,q_PfCNqb9a6Rs6,这属于哪一种标志？,高速公路标志,灵山16km云居寺 | 作业区标志 | 告示标志 | 高速公路标志,这属于哪一种标志,7,7,
10,7/7,q_lmGiJMlQgZAO,这属于哪一种标志？,旅游区标志,作业区标志 | 告示标志 | 高速公路标志 | 旅游区标志,这属于哪一种标志,7,7,
11,1/7,q_xU3hGXBup1wa,这个仪表是何含义？,发动机转速表,发动机转速表 | 行驶速度表 | 区间里程表 | 百公里油耗表,这个仪表是何含义,7,6,
11,2/7,q_Nj3DbvRGZvFj,这个仪表是何含义？,速度和里程表,百公里油耗表 | 速度和里程表 | 发动机转速表 | 最高时速值表,这个仪表是何含义,7,6,
11,3/7,q_mr76FmXtA62S,这个仪表是何含义？,水温表,电流表 | 压力表 | 水温表 | 燃油表,这个仪表是何含义,7,6,
11,4/7,q_NyXvRa_kzZFa,这个仪表是何含义？,百公里油耗表,4030508020601070 | 百公里油耗表 | 速度表 | 发动机转速表,这个仪表是何含义,7,6,
11,5/7,q_lzVJNlxtvHwH,这个仪表是何含义？,燃油表,电流表 | 压力表 | 水温表 | 燃油表,这个仪表是何含义,7,6,
11,6/7,q_A_nMCA23MujB,这个仪表是何含义？,5,5 | 发动机转速表 | 行驶速度表 | 区间里程表,这个仪表是何含义,7,6,
11,7/7,q_jo5W3k_dMTNX,这个仪表是何含义？,百公里油耗表,4090100305080206010709080 | 百公里油耗表 | 速度表 | 发动机转速表,这个仪表是何含义,7,6,
12,1/6,q_padL4aKJt09F,这一组交通警察手势是什么信号？,停止信号,左转弯信号 | 停止信号 | 右转弯信号 | 靠边停车信号,这一组交通警察手势是什么信号,6,6,
12,2/6,q_zZ8AXFtDAHSV,这一组交通警察手势是什么信号？,直行信号,直行信号 | 转弯信号 | 停止信号 | 靠边停车信号,这一组交通警察手势是什么信号,6,6,
12,3/6,q_5UbdfJ1SD6uO,这一组交通警察手势是什么信号？,左转弯信号,靠边停车信号 | 左转弯待转信号 | 减速慢行信号 | 左转弯信号,这一组交通警察手势是什么信号,6,6,
12,4/6,q_wSDXTztvYw76,这一组交通警察手势是什么信号？,右转弯信号,靠边停车信号 | 减速慢行信号 | 停止信号 | 右转弯信号,这一组交通警察手势是什么信号,6,6,
12,5/6,q_t1rq066OUvaz,这一组交通警察手势是什么信号？,变道信号,右转弯信号 | 减速慢行信号 | 变道信号 | 靠边停车信号,这一组交通警察手势是什么信号,6,6,
12,6/6,q_6XnTMlgIsfip,这一组交通警察手势是什么信号？,减速慢行信号,靠边停车信号 | 减速慢行信号 | 变道信号 | 右转弯信号,这一组交通警察手势是什么信号,6,6,
13,1/5,q_pHf5k_5cR7N7,图中交警手势的含义是（ ）。,靠边停车信号,靠边停车信号 | 减速慢行信号 | 变道信号 | 右转弯信号,图中交警手势的含义是,5,4,
13,2/5,q_2rhYglZDqsx7,图中交警手势的含义是（ ）。,左转弯信号,靠边停车信号 | 左转弯待转信号 | 左转弯信号 | 右转弯信号,图中交警手势的含义是,5,4,
13,3/5,q_VGpScb2Rgw3y,图中交警手势的含义是（ ）。,右转弯信号,右转弯信号 | 减速慢行信号 | 左转弯待转信号 | 靠边停车信号,图中交警手势的含义是,5,4,
13,4/5,q_jKrclRfsLKoL,图中交警手势的含义是（ ）。,左转弯待转信号,左转弯待转信号 | 左转弯信号 | 减速慢行信号 | 右转弯信号,图中交警手势的含义是,5,4,
13,5/5,q_E8wZk9KMtj3q,图中交警手势的含义是（,左转弯信号,靠边停车信号 | 左转弯待转信号 | 左转弯信号 | 右转弯信号,图中交警手势的含义是,5,4,
14,1/5,q_5ffkdbVPeKFh,这是什么交通标志？,两侧变窄,两侧变窄 | 右侧变窄 | 左侧变窄 | 桥面变窄,这是什么交通标志,5,5,
14,2/5,q_Z7lHN4EF6yDN,这是什么交通标志？,反向弯路,易滑路段 | 急转弯路 | 反向弯路 | 连续弯路,这是什么交通标志,5,5,
14,3/5,q_9kVz3_Ky8GWQ,这是什么交通标志？,连续弯路,易滑路段 | 急转弯路 | 反向弯路 | 连续弯路,这是什么交通标志,5,5,
14,4/5,q_rd_qZWsBBvX9,这是什么交通标志？,右侧变窄,两侧变窄 | 右侧变窄 | 左侧变窄 | 桥面变窄,这是什么交通标志,5,5,
14,5/5,q_hgUsdpH5XSFW,这是什么交通标志？,左侧变窄,两侧变窄 | 右侧变窄 | 左侧变窄 | 桥面变窄,这是什么交通标志,5,5,
15,1/5,q_hl0_U44toTO6,如下图所示这个符号的开关控制什么装置？,前风窗玻璃刮水器,前风窗玻璃刮水器 | 后风窗玻璃除霜 | 后风窗玻璃刮水器 | 前风窗玻璃除霜,如下图所示这个符号的开关控制什么装置,5,5,
15,2/5,q_ybAynLJOZdmW,如下图所示这个符号的开关控制什么装置？,前风窗玻璃刮水器及洗涤器,后风窗玻璃除霜或除雾 | 前风窗玻璃刮水器及洗涤器 | 后风窗玻璃刮水器及洗涤器 | 前风窗玻璃除霜或除雾,如下图所示这个符号的开关控制什么装置,5,5,
15,3/5,q_6GHQSojGvdcs,如下图所示这个符号的开关控制什么装置？,车门锁住开锁,儿童安全锁 | 两侧车窗玻璃 | 电动车门 | 车门锁住开锁,如下图所示这个符号的开关控制什么装置,5,5,
15,4/5,q__-M8mzpjUab3,如下图所示这个符号的开关控制什么装置？,后风窗玻璃刮水器及洗涤器,后风窗玻璃除霜或除雾 | 前风窗玻璃刮水器及洗涤器 | 后风窗玻璃刮水器及洗涤器 | 前风窗玻璃除霜或除雾,如下图所示这个符号的开关控制什么装置,5,5,
15,5/5,q_r7sX183eII78,如下图所示这个符号的开关控制什么装置？,儿童安全锁,儿童安全锁 | 两侧车窗玻璃 | 电动车门 | 车门锁住开锁,如下图所示这个符号的开关控制什么装置,5,5,
16,1/4,q_X89VZx4hljq0,如图所示，驾驶机动车在路口遇到这种信号灯可以怎样行驶？,向右转弯,向左转弯 | 直行或向左转弯 | 向右转弯 | 直行,如图所示驾驶机动车在路口遇到这种信号灯可以怎样行驶,4,2,
16,2/4,q_paFj3rskgTVR,如图所示，驾驶机动车在路口遇到这种信号灯可以怎样行驶？,直行或向右转弯,向左或向右转弯 | 直行或向左转弯 | 向左转弯 | 直行或向右转弯,如图所示驾驶机动车在路口遇到这种信号灯可以怎样行驶,4,2,
16,3/4,q_6qGSqJQnZnUD,如图所示，驾驶机动车在路口遇到这种信号灯可以怎样行驶？,向右转弯,A直行 | 向右转弯 | 直行或向左转弯 | 向左转弯,如图所示驾驶机动车在路口遇到这种信号灯可以怎样行驶,4,2,
16,4/4,q_aSX98rOUvHPN,如图所示，驾驶机动车在路口遇到这种信号灯可以怎样行驶？,向右转弯,向左转弯 | 直行或向左转弯 | 向右转弯 | 直行D,如图所示驾驶机动车在路口遇到这种信号灯可以怎样行驶,4,2,
17,1/4,q_rmwn0-HFXgos,下列高速公路交通标志与其含义对应正确的一项是？,如图中A所示,如图中A所示 | 如图中D所示 | 如图中B所示 | 如图中C所示,下列高速公路交通标志与其含义对应正确的一项是,4,2,
17,2/4,q_-zUXDc-MSqeM,下列高速公路交通标志与其含义对应正确的一项是？,如图中C所示,如图中A所示 | 如图中D所示 | 如图中B所示 | 如图中C所示,下列高速公路交通标志与其含义对应正确的一项是,4,2,
17,3/4,q_uk9JDZfKV54y,下列高速公路交通标志与其含义对应正确的一项是？,如图中A所示,虎门高速 | 高速公紧急停车带高速公路公用电话 | 如图中A所示 | 如图中B所示,下列高速公路交通标志与其含义对应正确的一项是,4,2,
17,4/4,q_Ez0WuJMPWqBE,下列高速公路交通标志与其含义对应正确的一项是？,如图中A所示,虎门高速2高速公路停车场预告高速公路起点预告 | 高速公路紧急停车带高速公路公用电话 | 如图中A所示 | 如图中B所示,下列高速公路交通标志与其含义对应正确的一项是,4,2,
18,1/4,q_acQfHjbyEyB2,这属于哪一类标志？,指路标志,指路标志 | 指示标志 | 禁令标志 | 警告标志,这属于哪一类标志,4,4,
18,2/4,q_oBWIf4aclCiF,这属于哪一类标志？,璜塘二龙路黄河路G105G42上海25km500500,璜塘二龙路黄河路G105G42上海25km500500 | 指路标志 | 指示标志 | 禁令标志,这属于哪一类标志,4,4,
18,3/4,q_y5SWQqpDk2hV,这属于哪一类标志？,禁令标志,五爱街田村路田村 | 前方500m | 警告标志 | 禁令标志,这属于哪一类标志,4,4,
18,4/4,q_dsgwa37DCOOG,这属于哪一类标志？,璜塘二龙路黄河路G105G42上海25km500m500,璜塘二龙路黄河路G105G42上海25km500m500 | 指路标志 | 指示标志 | 禁令标志,这属于哪一类标志,4,4,
19,1/4,q_U4Q_1LOMnG0p,请判断一下，这是什么手势？,不准前方车辆通行手势,不准前方车辆通行手势 | 准许右方直行车辆通过手势 | 准许车辆左转弯手势 | 准许右方车辆右转弯手势,请判断一下这是什么手势,4,4,
19,2/4,q_boH6h27hbk9A,请判断一下，这是什么手势？,准许右方直行车辆通过手势,不准前方车辆通行手势 | 准许右方直行车辆通过手势 | 准许车辆左转弯手势 | 准许右方车辆右转弯手势,请判断一下这是什么手势,4,4,
19,3/4,q_GjxASwUDIC-R,请判断一下，这是什么手势？,准许车辆左转弯手势,不准前方车辆通行手势 | 准许右方直行车辆通过手势 | 准许车辆左转弯手势 | 准许右方车辆右转弯手势,请判断一下这是什么手势,4,4,
19,4/4,q_Q_5hU0N0JMFi,请判断一下，这是什么手势？,准许车辆右转弯手势,不准前方车辆通行手势 | 准许右方直行车辆通过手势 | 准许车辆左转弯手势 | 准许车辆右转弯手势,请判断一下这是什么手势,4,4,
20,1/4,q_5U6vAlncqTSV,图中标志的含义是什么？,禁止载货汽车驶入,载货汽车驶入 | 禁止载客汽车驶入 | 禁止载货汽车驶入 | 禁止机动车驶入,图中标志的含义是什么,4,4,
20,2/4,q_3tYmOKQ8lMZq,图中标志的含义是什么？,禁止汽车拖、挂车驶入,汽车拖、挂车驶入 | 禁止机动车驶入 | 禁止载货汽车驶入 | 禁止汽车拖、挂车驶入,图中标志的含义是什么,4,4,
20,3/4,q_DryTWeVIEEI1,图中标志的含义是什么？,10t,10t | 限制质量 | 限制轴重 | 限制速度,图中标志的含义是什么,4,4,
20,4/4,q_2Phjz8P1jIpr,图中标志的含义是什么？,禁止运输危险品车辆驶入,禁止机动车驶入 | 禁止运输危险品车辆驶入 | 禁止载货汽车驶入 | 禁止小型车辆驶入,图中标志的含义是什么,4,4,
21,1/3,q_nWyGDxE3nyce,下列哪个标志禁止一切车辆长时间停放，但可以临时停车？,如图中D所示,如图中A所示 | 如图中B所示 | 如图中C所示 | 如图中D所示,下列哪个标志禁止一切车辆长时间停放但可以临时停车,3,2,
21,2/3,q_9h6Blel14BGh,下列哪个标志禁止一切车辆长时间停放，但可以临时停车？,如图中C所示,停 | 如图中A所示 | 如图中B所示 | 如图中C所示,下列哪个标志禁止一切车辆长时间停放但可以临时停车,3,2,
21,3/3,q__36cZJhEWs4X,下列哪个标志禁止一切车辆长时间停放，但可以临时停车？,如图中C所示,图8停 | 如图中A所示 | 如图中B所示 | 如图中C所示,下列哪个标志禁止一切车辆长时间停放但可以临时停车,3,2,
22,1/3,q_qSBYT4cCSJfG,如图所示，在这起交通事故中，以下说法正确的是什么？,A车负全部责任,A车负全部责任 | B车负全部责任 | 各负一半责任 | 都无责任，后果自行承担,如图所示在这起交通事故中以下说法正确的是什么,3,2,
22,2/3,q_gy2vQxGlYzYy,如图所示，在这起交通事故中，以下说法正确的是什么？,障碍物,障碍物 | A车负全部责任 | ）B车负全部责任 | 各负一半责任,如图所示在这起交通事故中以下说法正确的是什么,3,2,
22,3/3,q_477MJFJrJQgu,如图所示，在这起交通事故中，以下说法正确的是什么？,障碍物,障碍物 | A车负全部责任 | B车负全部责任 | 各负一半责任,如图所示在这起交通事故中以下说法正确的是什么,3,2,
23,1/3,q_IdImJsVM0t1Z,下列哪个标志提示驾驶人下陡坡？,如图中D所示,如图中A所示 | 如图中B所示 | 如图中C所示 | 如图中D所示,下列哪个标志提示驾驶人下陡坡,3,3,
23,2/3,q_WS8RIKOBPTEe,下列哪个标志提示驾驶人下陡坡？,如图中C所示,图B图 | 如图中A所示 | 如图中B所示 | 如图中C所示,下列哪个标志提示驾驶人下陡坡,3,3,
23,3/3,q_GKdibRSOKoed,下列哪个标志提示驾驶人下陡坡？,如图中B所示,图A图 | 图 | 如图中A所示 | 如图中B所示,下列哪个标志提示驾驶人下陡坡,3,3,
24,1/3,q_T3pUnsHRTvSf,下列哪个标志提示驾驶人连续弯路？,如图中B所示,如图中A所示 | 如图中B所示 | 如图中C所示 | 如图中D所示,下列哪个标志提示驾驶人连续弯路,3,3,
24,2/3,q_XVbMVrt_sC4v,下列哪个标志提示驾驶人连续弯路？,如图中A所示,图B图 | 如图中A所示 | 如图中B所示 | 如图中C所示,下列哪个标志提示驾驶人连续弯路,3,3,
24,3/3,q_dpOaXN3LyAhp,下列哪个标志提示驾驶人连续弯路？,图,图A图 | 图 | 如图中A所示 | 如图中B所示,下列哪个标志提示驾驶人连续弯路,3,3,
25,1/3,q_THIbgGvi5w6D,下列标志哪个表示一般道路车道数变少？,如图中B所示,如图中A所示 | 如图中B所示 | 如图中C所示 | 如图中D所示,下列标志哪个表示一般道路车道数变少,3,2,
25,2/3,q_jGhErAkK43xF,下列标志哪个表示一般道路车道数变少？,2500m,图 | 2500m | 如图中A所示 | 如图中B所示,下列标志哪个表示一般道路车道数变少,3,2,
25,3/3,q_So84h9BSjtLc,下列标志哪个表示一般道路车道数变少？,2500m,图A图 | 2500m | 如图中A所示 | 如图中B所示,下列标志哪个表示一般道路车道数变少,3,2,
26,1/3,q_XvDl9m4-jzdm,机动车仪表板上如下图所示指示灯亮表示什么？,空气外循环,空气内循环 | 空气外循环 | 迎面吹风 | 风窗玻璃除霜,机动车仪表板上如下图所示指示灯亮表示什么,3,3,
26,2/3,q_nbmxTlXdDlrG,机动车仪表板上如下图所示指示灯亮表示什么？,地板及迎面出风,空气内循环 | 地板及迎面出风 | 空气外循环 | 侧面及地板出风,机动车仪表板上如下图所示指示灯亮表示什么,3,3,
26,3/3,q_r0dHPh_WfIJR,机动车仪表板上如下图所示指示灯亮表示什么？,迎面出风,空气内循环 | 侧面出风 | 空气外循环 | 迎面出风,机动车仪表板上如下图所示指示灯亮表示什么,3,3,
27,1/3,q_I6kop3RBtEcE,车辆使用远光灯，下列哪个指示灯会亮？,图4,图1 | 图2 | 图3 | 图4,车辆使用远光灯下列哪个指示灯会亮,3,2,
27,2/3,q_tXygYb7LfQSg,车辆使用远光灯，下列哪个指示灯会亮？,图2,啡 | 图1 | 图3图4 | 图2,车辆使用远光灯下列哪个指示灯会亮,3,2,
27,3/3,q_prRRjYglvTac,车辆使用远光灯，下列哪个指示灯会亮？,图2,图2图1 | 图3图4 | 图1 | 图2,车辆使用远光灯下列哪个指示灯会亮,3,2,
28,1/3,q_vrHVwhBvZF6K,以下哪个指示灯亮时，表示发动机温度过高？,图3,图1 | 图3 | 图2 | 图4,以下哪个指示灯亮时表示发动机温度过高,3,2,
28,2/3,q_wmuVXiL8HTm6,以下哪个指示灯亮时，表示发动机温度过高？,图3图4,图1 | 图3图4 | 图3 | 图2,以下哪个指示灯亮时表示发动机温度过高,3,2,
28,3/3,q_6lcVGsiyJDNU,以下哪个指示灯亮时，表示发动机温度过高？,图3图4,图2图1 | 图3图4 | 图1 | 图3,以下哪个指示灯亮时表示发动机温度过高,3,2,
29,1/3,q_F99Uk03GbXj9,以下高速公路交通标志与其含义对应正确的一项是？,如图1所示,如图1所示 | 如图2所示 | 如图3所示 | 如图4所示,以下高速公路交通标志与其含义对应正确的一项是,3,3,
29,2/3,q_UYyyY4Lj7sCr,以下高速公路交通标志与其含义对应正确的一项是？,虎门高速,虎门高速 | 高速公路点 | 高公路验处高速公路公用电话 | 如图1所示,以下高速公路交通标志与其含义对应正确的一项是,3,3,
29,3/3,q_BSTC2eWcfeFB,以下高速公路交通标志与其含义对应正确的一项是？,图1：虎门高速虎门高速2高速公路终点高速公路停车场,图1：虎门高速虎门高速2高速公路终点高速公路停车场 | 高速公路验处高速公路公用电话 | 如图1所示 | 如图2所示,以下高速公路交通标志与其含义对应正确的一项是,3,3,
30,1/3,q_dmNr-1jNF5TU,请判断一下，图中黄色小型汽车的违法行为是什么？,占用专用车道,强行从右侧超车 | 越黄线行驶 | 占用专用车道 | 未开启右转向灯,请判断图中黄色小型汽车的违法行为是什么,3,2,
30,2/3,q_lDDvel4VQpGz,请判断一下，图中黄色小型汽车的违法行为是什么？,越黄线行驶,鄂K·R1234 | 强行从右侧超车 | 越黄线行驶 | 占用专用车道,请判断图中黄色小型汽车的违法行为是什么,3,2,是
30,3/3,q_fVafvcPLgx4m,请判断图中这辆黄色小型汽车的违法行为是什么？,占用专用车道,强行从右侧超车 | 越黄线行驶 | 占用专用车道 | 未开启右转向灯,请判断图中黄色小型汽车的违法行为是什么,3,2,
31,1/3,q_wSxAKBJkmm5T,如图所示，驾驶机动车遇到这种情况，以下做法正确的是什么？,降低行驶速度，避让行人,长鸣喇叭催促行人快速通过 | 开启远光灯警示行人有车辆驶近 | 降低行驶速度，避让行人 | 适当加速从行人前方绕行,如图所示驾驶机动车遇到这种情况以下做法正确的是什么,3,2,
31,2/3,q_YaXLZ-4ID8r1,如图所示，驾驶机动车遇到这种情况，以下做法正确的是什么？,减速慢行、鸣喇叭示意,减速慢行、鸣喇叭示意 | 为拓宽视野，临时占用左侧车道B行驶 | 加速行驶 | 停车观察,如图所示驾驶机动车遇到这种情况以下做法正确的是什么,3,2,
31,3/3,q_2nNw2nnyoale,如图所示，驾驶机动车遇到这种情况，以下做法正确的是什么？,减速慢行、鸣喇叭示意,减速慢行、鸣喇叭示意 | 为拓宽视野，临时占用左侧车道行驶 | 加速行驶 | 停车观察,如图所示驾驶机动车遇到这种情况以下做法正确的是什么,3,2,
32,1/3,q_3yQO78l3aDQZ,如图所示，在高速公路上开车遇到图中所示情况时，以下操作不正确的是什么？,继续维持高速行驶，防止后面车辆堵塞,应该打开雾灯、近光灯、示廓灯、A前后位灯，危险报警闪光灯 | 能见度低，应该与同车道前车保持一定距离 | 降低车速，防止紧急情况下无法及时制动 | 继续维持高速行驶，防止后面车辆堵塞,如图所示在高速公路上开车遇到图中所示情况时以下操作不正确的是什么,3,2,
32,2/3,q_sQ58nmErMtpj,如图所示，在高速公路上开车遇到图中所示情况时，以下操作不正确的是什么？,继续维持高速行驶，防止后辆堵塞,应该打开雾灯、近光灯、示廓灯、A前后位灯，危险报警闪光灯 | 能见度低，应该与同车道前车保B持一定距离 | 降低车速，防止紧急情况下无法及时制动 | 继续维持高速行驶，防止后辆堵塞,如图所示在高速公路上开车遇到图中所示情况时以下操作不正确的是什么,3,2,
32,3/3,q_gYetyQbvJnUp,如图所示，在高速公路上开车遇到图中所示情况时，以下操作不正确的是什么？,继续维持高速行驶，防止后面车辆堵塞,应该打开雾灯、近光灯、示廓灯、前后位灯，危险报警闪光灯 | 能见度低，应该与同车道前车保持一定距离 | 降低车速，防止紧急情况下无法及时制动 | 继续维持高速行驶，防止后面车辆堵塞,如图所示在高速公路上开车遇到图中所示情况时以下操作不正确的是什么,3,2,
33,1/3,q_i0FTNZpcHzlQ,如图所示，直行车辆遇到前方路口堵塞，以下说法正确的是什么？,错误,正确 | 错误,如图所示直行车辆遇到前方路口堵塞以下说法正确的是什么,3,2,
33,2/3,q_dz3oIngSxpSF,如图所示，直行车辆遇到前方路口堵塞，以下说法正确的是什么？,等前方道路疏通后，且信号灯为绿灯时方可继续行驶,等其他机动车进入路口时跟随行A驶 | 等前方道路疏通后，且信号灯为绿灯时方可继续行驶 | 可以直接驶入路口内等待通行 | 只要信号灯为绿灯，就可通,如图所示直行车辆遇到前方路口堵塞以下说法正确的是什么,3,2,
33,3/3,q_ACEqkC58BJbe,如图所示，直行车辆遇到前方路口堵塞，以下说法正确的是什么？,等前方道路疏通后，且信号灯为绿灯时方可继续行驶,等其他机动车进入路口时跟随行驶 | 等前方道路疏通后，且信号灯为绿灯时方可继续行驶 | 可以直接驶入路口内等待通行 | 只要信号灯为绿灯，就可通,如图所示直行车辆遇到前方路口堵塞以下说法正确的是什么,3,2,
34,1/3,q_MLPWyQmokRm1,如图所示，驾车驶近路口时，以下说法错误的是（ ）。,己车有优先通行权，无需减速,因视野受阻，应鸣喇叭提醒侧方A来车 | 右前方视野受阻，如有车辆冲出B易引发事故 | 己车有优先通行权，无需减速 | 为避免车辆从路口冲出，应降低车速,如图所示驾车驶近路口时以下说法错误的是,3,2,
34,2/3,q_NpRvBaeDxmI-,如图所示，驾车驶近路口时，以下说法错误的是（ ）。,已车有优先通行权，无需减速,因视野受阻，应鸣喇叭提醒侧方A来车 | 右前方视野受阻，如有车辆冲出B易引发事故 | 已车有优先通行权，无需减速 | 为避免车辆从路口冲出，应降低车速,如图所示驾车驶近路口时以下说法错误的是,3,2,
34,3/3,q_SpvSRGeKVjmG,如图所示，驾车驶近路口时，以下说法错误的是（ ）。,已车有优先通行权，无需减速,因视野受阻，应鸣喇叭提醒侧方来车 | 右前方视野受阻，如有车辆冲出易引发事故 | 已车有优先通行权，无需减速 | 为避免车辆从路口冲出，应降低车速,如图所示驾车驶近路口时以下说法错误的是,3,2,
35,1/3,q_Mm3B2ORXLpL1,这个标志是何含义？单远,G105,G105 | 国道编号 | 省道编号 | 县道编号,这个标志是何含义单远,3,3,
35,2/3,q_kLmjLSsBBU9f,这个标志是何含义？单远,错误,正确 | 错误,这个标志是何含义单远,3,3,
35,3/3,q_UfMzGSG3K82T,这个标志是何含义？单远,人工收费车道,高速公路收费站 | 高速公路领卡处 | ETC收费车道 | 人工收费车道,这个标志是何含义单远,3,3,
36,1/3,q_Y-fmiSDKr7B5,如图所示，驾驶机动车遇到这种情况时，以下做法正确的是什么？,应停车察明水情，确认安全后，低速通过,应停车察明水情，确认安全后，低速通过 | 应停车察明水情，确认安全后，B快速通过 | 应减速观察水情，然后加速行驶通过 | 可随意通行,如图所示驾驶机动车遇到这种情况时以下做法正确的是什么,3,2,
36,2/3,q_S2BiN5OtWIx9,如图所示，驾驶机动车遇到这种情况时，以下做法正确的是什么？,错误,正确 | 错误,如图所示驾驶机动车遇到这种情况时以下做法正确的是什么,3,2,
36,3/3,q_Fp1v2QxBGnb_,如图所示，驾驶机动车遇到这种情况时，以下做法正确的是什么？,应停车察明水情，确认安全后，低速通过,应停车察明水情，确认安全后，低速通过 | 应停车察明水情，确认安全后，快速通过 | 应减速观察水情，然后加速行驶通过 | 可随意通行,如图所示驾驶机动车遇到这种情况时以下做法正确的是什么,3,2,
37,1/2,q_-8pki1Gy_HqQ,红色圆圈内标线含义是什么？,公交车停靠站,临时停靠站 | 大客车停靠站 | 公交车停靠站 | 应急停车带,红色圆圈内标线含义是什么,2,2,
37,2/2,q_GBZwnwqPXntZ,红色圆圈内标线含义是什么？,港湾式停靠站,临时停靠站 | 港湾式停靠站 | 应急停车带 | 公交车停靠站,红色圆圈内标线含义是什么,2,2,
38,1/2,q_wTDqNI_TFzt7,这个标志的含义是提醒车辆驾驶人前方是无人看守铁路道口。,错误,正确 | 错误,这个标志的含义是提醒车辆驾驶人前方是无人看守铁路道口,2,2,
38,2/2,q_I3S_D_FiMUpw,这个标志的含义是提醒车辆驾驶人前方是无人看守铁路道口。,正确,正确 | 错误,这个标志的含义是提醒车辆驾驶人前方是无人看守铁路道口,2,2,
39,1/2,q_08wwJrQtY_Dz,图中路段不允许掉头。,错误,正确 | 错误,图中路段不允许掉头,2,2,
39,2/2,q_ekS2uYkWF4yo,图中路段不允许掉头。,正确,正确 | 错误,图中路段不允许掉头,2,2,
40,1/2,q_0GWAoOIj-vmQ,在图中位置停车会被记多少分？,1分,12分 | 3分 | 1分 | 不记分,在图中位置停车会被记多少分,2,2,
40,2/2,q_b0lE-QvdJXhq,在图中位置停车会被记多少分？,3分,10米 | 12分 | 3分 | 1分,在图中位置停车会被记多少分,2,2,
41,1/2,q_cn_w6JLusyVR,红圈内的符号表示（ ）。,前风窗玻璃刮水器,前风窗玻璃刮水器 | 后风窗玻璃除霜 | 后风窗玻璃刮水器 | 前风窗玻璃除霜,红圈内的符号表示,2,2,
41,2/2,q_V9fvtO6YvKcp,红圈内的符号表示（ ）。,前风窗玻璃刮水器及洗涤器,前风窗玻璃刮水器及洗涤器 | 后风窗玻璃除霜或除雾 | 后风窗玻璃刮水器及洗涤器 | 前风窗玻璃除霜或除雾,红圈内的符号表示,2,2,
42,1/2,q_sF1ckdtFnrp-,下列哪个交通标志，表示禁止电动自行车进入？,如B图所示,如A图所示 | 如B图所示 | 如C图所示 | 如D图所示,下列哪个交通标志表示禁止电动自行车进入,2,2,
42,2/2,q_nKiI2HbGbHxZ,下列哪个交通标志，表示禁止电动自行车进入？,D图,B图A图 | D图 | 如A图所示 | 如B图所示,下列哪个交通标志表示禁止电动自行车进入,2,2,
43,1/2,q_kjRns-Dg2diT,下列哪个交通标志，表示禁止挂车、半挂车驶入？,如C图所示,如A图所示 | 如D图所示 | 如B图所示 | 如C图所示,下列哪个交通标志表示禁止挂车半挂车驶入,2,2,
43,2/2,q_PMLA9o9pndtu,下列哪个交通标志，表示禁止挂车、半挂车驶入？,如D图所示,B图A图 | D图 | 如A图所示 | 如D图所示,下列哪个交通标志表示禁止挂车半挂车驶入,2,2,
44,1/2,q_oOEvwyDup2T9,发动机起动后仪表板上如图所示指示灯亮表示什么？,油箱内燃油已到最低液面,油箱内燃油已到最低液面 | 发动机供油系统出现异常 | 发动机点火系统出现故障 | 燃油泵出现异常或者故障,发动机起动后仪表板上如图所示指示灯亮表示什么,2,2,
44,2/2,q_Wb7HKmGMUrvP,发动机起动后仪表板上如图所示指示灯亮表示什么？,发动机机油压力过低,发动机机油压力过高 | 发动机主油道堵塞 | 发动机机油压力过低 | 发动机曲轴箱漏气,发动机起动后仪表板上如图所示指示灯亮表示什么,2,2,
45,1/2,q_U_XrozU0HzBE,行车中仪表板上如图所示指示灯亮表示什么？,发动机温度过高,发动机温度过低 | 发动机温度过高 | 发动机冷却系统故障 | 发动机润滑系统故障,行车中仪表板上如图所示指示灯亮表示什么,2,2,
45,2/2,q_W1Zo_EZxUW-y,行车中仪表板上如图所示指示灯亮表示什么？,错误,正确 | 错误,行车中仪表板上如图所示指示灯亮表示什么,2,2,
46,1/2,q_jmF0EAVfFQzE,遇到下列哪个标志，你不需要主动让行？,如图中D所示,如图中A所示 | 如图中B所示 | 如图中C所示 | 如图中D所示,遇到下列哪个标志你不需要主动让行,2,2,
46,2/2,q_qAa73qN-s7MD,遇到下列哪个标志，你不需要主动让行？,如图中C所示,停让 | 如图中A所示 | 如图中B所示 | 如图中C所示,遇到下列哪个标志你不需要主动让行,2,2,
47,1/2,q_NVuzo0UA_1ao,如图所示，A车具有优先通行权。,正确,正确 | 错误,如图所示A车具有优先通行权,2,2,
47,2/2,q_1OMVdCPsccg6,如图所示，A车具有优先通行权。,错误,正确 | 错误,如图所示A车具有优先通行权,2,2,
48,1/2,q_B_g_M9Eh2KI7,关于图中交通事故的责任判定，以下说法正确的是（ ）。,B车负全部责任,A车负全部责任 | B车负全部责任 | 都无责任，后果自行承担 | 各负一半责任,关于图中交通事故的责任判定以下说法正确的是,2,2,
48,2/2,q_AM2xxXH-l37X,关于图中交通事故的责任判定，以下说法正确的是（ ）。,车负全部责任,AA车负全部责任 | 车负全部责任 | 都无责任，后果自行承担 | 各负一半责任,关于图中交通事故的责任判定以下说法正确的是,2,2,
49,1/2,q_5DT1gNRFkGZz,这个标志的含义是指示此处设有室内停车场。,错误,正确 | 错误,这个标志的含义是指示处设有室内停车场,2,2,
49,2/2,q_QV5Z--0-omAz,这个标志的含义是指示此处设有室内停车场。,正确,正确 | 错误,这个标志的含义是指示处设有室内停车场,2,2,
50,1/2,q_D0kJuItv3Aoj,如图所示，A车在此处停车是可以的。,错误,正确 | 错误,如图所示A车在处停车是可以的,2,2,
50,2/2,q_B0TmbNCbU75U,如图所示，A车在此处停车是可以的。,正确,正确 | 错误,如图所示A车在处停车是可以的,2,2,
51,1/2,q_54zqcPJrQIpK,如图所示，在这条公路上行驶的最高速度不能超过多少？,40公里/小时,30公里/小时 | 40公里/小时 | 50公里/小时 | 70公里/小时,如图所示在这条公路上行驶的最高速度不能超过多少,2,2,
51,2/2,q_2KwlPVq5fuGD,如图所示，在这条公路上行驶的最高速度不能超过多少？,70公里/小时,30公里/小时 | 40公里/小时 | 50公里/小时 | 70公里/小时,如图所示在这条公路上行驶的最高速度不能超过多少,2,2,
52,1/2,q_z9wuAb1UdsMu,下列哪个交通标志表示不能停车？,如图中B所示,如图中A所示 | 如图中B所示 | 如图中C所示 | 如图中D所示,下列哪个交通标志表示不能停车,2,2,
52,2/2,q_RTanVkj2_xn-,下列哪个交通标志表示不能停车？,如图中A所示,停检查 | 如图中A所示 | 如图中B所示 | 如图中C所示,下列哪个交通标志表示不能停车,2,2,
53,1/2,q_kpTJ7oTFE7r7,打开右转向灯开关，如下图所示指示灯亮起。,错误,正确 | 错误,打开右转向灯开关如下图所示指示灯亮起,2,2,
53,2/2,q_P0ljST0Qfyuj,打开右转向灯开关，如下图所示指示灯亮起。,正确,正确 | 错误,打开右转向灯开关如下图所示指示灯亮起,2,2,
54,1/2,q_pUHArxQyFXBe,机动车仪表板上如下图指示灯亮表示什么？,两侧车门开启,两侧车门开启 | 行李舱开启 | 发动机舱开启 | 燃油箱盖开启,机动车仪表板上如下图指示灯亮表示什么,2,2,
54,2/2,q_TcwWmCQ0xxvx,机动车仪表板上如下图指示灯亮表示什么？,空气内循环,迎面出风 | 空气外循环 | 空气内循环 | 风窗玻璃除霜,机动车仪表板上如下图指示灯亮表示什么,2,2,
55,1/2,q_LnfZQuR5NGkQ,机动车仪表板上这个符号如图所示表示什么？,发动机舱开启,一侧车门开启 | 行李舱开启 | 发动机舱开启 | 燃油箱盖开启,机动车仪表板上这个符号如图所示表示什么,2,2,
55,2/2,q_6MSREI27KxeJ,机动车仪表板上这个符号如图所示表示什么？,车灯总开关,近光灯开关 | 远光灯开关 | 车灯总开关 | 后雾灯开关,机动车仪表板上这个符号如图所示表示什么,2,2,
56,1/2,q_XvHN9hdooQEW,机动车仪表板上这个符号如下图所示表示什么？,冷风暖气风扇,冷风暖气风扇 | 空调制冷 | 空气循环 | 雪地起步模式,机动车仪表板上这个符号如下图所示表示什么,2,2,
56,2/2,q_KIwhdyYbHobF,机动车仪表板上这个符号如下图所示表示什么？,考宝典,考宝典 | 冷风暖气风扇 | 空调制冷 | 空气循环,机动车仪表板上这个符号如下图所示表示什么,2,2,
57,1/2,q_6dgIDVr9EQD1,机动车仪表板上如图所示指示灯亮，提示右侧车门未关闭。,错误,正确 | 错误,机动车仪表板上如图所示指示灯亮提示右侧车门未关闭,2,2,
57,2/2,q_yS8Gtmsj7w9i,机动车仪表板上如图所示指示灯亮，提示右侧车门未关闭。,正确,正确 | 错误,机动车仪表板上如图所示指示灯亮提示右侧车门未关闭,2,2,
58,1/2,q_tSyuOdeHfbzX,机动车仪表板上如图所示指示灯亮，提示发动机舱开启。,错误,正确 | 错误,机动车仪表板上如图所示指示灯亮提示发动机舱开启,2,2,
58,2/2,q_e78my1fQspLy,机动车仪表板上（如图所示）指示灯亮，提示发动机舱开启。,正确,正确 | 错误,机动车仪表板上如图所示指示灯亮提示发动机舱开启,2,2,
59,1/2,q_eiCiLbgjVf_y,下列哪个指示灯亮表示车辆在使用近光灯？,如图中C所示,如图中A所示 | 如图中B所示 | 如图中C所示 | 如图中D所示,下列哪个指示灯亮表示车辆在使用近光灯,2,2,
59,2/2,q_YKi6lolQZj48,下列哪个指示灯亮表示车辆在使用近光灯？,如图中B所示,图A图B图 | 如图中A所示 | 如图中B所示 | 如图中C所示,下列哪个指示灯亮表示车辆在使用近光灯,2,2,
60,1/2,q_BEZdPZ84sl6O,以下哪个仪表表示水温表？,如图中C所示,如图中A所示 | 如图中B所示 | 如图中C所示 | 如图中D所示,以下哪个仪表表示水温表,2,2,
60,2/2,q_6Nq0hsPoileM,以下哪个仪表表示水温表？,如图中B所示,0000 | 如图中A所示 | 如图中B所示 | 如图中C所示,以下哪个仪表表示水温表,2,2,
61,1/2,q_PRMj_f21X6sg,以下哪个仪表表示燃油表？,如图中D所示,如图中A所示 | 如图中B所示 | 如图中C所示 | 如图中D所示,以下哪个仪表表示燃油表,2,2,
61,2/2,q_TXLKz-4I0_Iw,以下哪个仪表表示燃油表？,如图中C所示,000 | 如图中A所示 | 如图中B所示 | 如图中C所示,以下哪个仪表表示燃油表,2,2,
62,1/2,q_5hkgQgu0XiLW,图中哪个报警灯亮，提示充电电路异常或故障？,如图中D所示,如图中A所示 | 如图中B所示 | 如图中C所示 | 如图中D所示,图中哪个报警灯亮提示充电电路异常或故障,2,2,
62,2/2,q_dFDQ8l5L8W76,图中哪个报警灯亮，提示充电电路异常或故障？,如图中C所示,ABS | 如图中A所示 | 如图中B所示 | 如图中C所示,图中哪个报警灯亮提示充电电路异常或故障,2,2,
63,1/2,q_Eg1P9AhVItSI,以下哪个指示灯亮时，表示发动机机油压力过低？,如图中A所示,如图中A所示 | 如图中B所示 | 如图中C所示 | 如图中D所示,以下哪个指示灯亮时表示发动机机油压力过低,2,2,
63,2/2,q_RkvUEfgz3-08,以下哪个指示灯亮时，表示发动机机油压力过低？,ABS,ABS | 如图中A所示 | 如图中B所示 | 如图中C所示,以下哪个指示灯亮时表示发动机机油压力过低,2,2,
64,1/2,q_s9ZFg383TZ89,以下哪个指示灯亮时，表示防抱死制动系统出现故障？,如图中C所示,如图中A所示 | 如图中B所示 | 如图中C所示 | 如图中D所示,以下哪个指示灯亮时表示防抱死制动系统出现故障,2,2,
64,2/2,q_uCOrIb8i9JOU,以下哪个指示灯亮时，表示防抱死制动系统出现故障？,如图中B所示,ABS | 如图中A所示 | 如图中B所示 | 如图中C所示,以下哪个指示灯亮时表示防抱死制动系统出现故障,2,2,
65,1/2,q_ekVSRP1_WyDt,以下哪个指示灯亮时，表示油箱内燃油已到最低液面？,如图中D所示,如图中A所示 | 如图中B所示 | 如图中C所示 | 如图中D所示,以下哪个指示灯亮时表示油箱内燃油已到最低液面,2,2,
65,2/2,q_Y4_tyFoqTQWn,以下哪个指示灯亮时，表示油箱内燃油已到最低液面？,如图中C所示,ABS | 如图中A所示 | 如图中B所示 | 如图中C所示,以下哪个指示灯亮时表示油箱内燃油已到最低液面,2,2,
66,1/2,q_yo8WQL2Oeoy3,以下哪个标志，表示干路先行？,如图中D所示,如图中A所示 | 如图中B所示 | 如图中C所示 | 如图中D所示,以下哪个标志表示干路先行,2,2,
66,2/2,q_vVLM1DEmaZ74,以下哪个标志，表示干路先行？,如图中C所示,图 | A如图中A所示 | 如图中B所示 | 如图中C所示,以下哪个标志表示干路先行,2,2,
67,1/2,q_aPVOTt7Ixp0L,下列哪个交通标志，表示该车道仅供有轨电车通行？,如图中D所示,如图中A所示 | 如图中B所示 | 如图中C所示 | 如图中D所示,下列哪个交通标志表示车道仅供有轨电车通行,2,2,
67,2/2,q_QlqQ-5hecAgA,下列哪个交通标志，表示该车道仅供有轨电车通行？,如图中B所示,图 | D图 | 如图中A所示 | 如图中B所示,下列哪个交通标志表示车道仅供有轨电车通行,2,2,
68,1/2,q_bKY_dcja9rsh,下列哪个交通标志，表示多乘员车辆（HOV）专用车道？,如图中C所示,如图中D所示 | 如图中B所示 | 如图中C所示 | 如图中A所示,下列哪个交通标志表示多乘员车辆HOV专用车道,2,2,
68,2/2,q_OogmySCB4-OX,下列哪个交通标志，表示多乘员车辆（HOV）专用车道？,如图中D所示,图 | D图 | 如图中D所示 | 如图中B所示,下列哪个交通标志表示多乘员车辆HOV专用车道,2,2,
69,1/2,q_IaUbsxiXBmxd,图中属于哪种标志？,指路标志,警告标志 | 禁令标志 | 指示标志 | 指路标志,图中属于哪种标志,2,2,
69,2/2,q_CU_2qUEko-bk,图中属于哪种标志？,禁令标志,五爱街田村路田村 | 前方500m | 警告标志 | 禁令标志,图中属于哪种标志,2,2,
70,1/2,q_0X_A-QIe4I2K,如图所示，图中箭头所指的仪表是什么？,发动机转速表,百公里油耗表 | 发动机转速表 | 区间里程表 | 行驶速度表,如图所示图中箭头所指的仪表是什么,2,2,
70,2/2,q_L7WnB7aYooiO,如图所示，图中箭头所指的仪表是什么？,百公里油耗表,403080706020601070 | 百公里油耗表 | 发动机转速表 | 区间里程表,如图所示图中箭头所指的仪表是什么,2,2,
71,1/2,q_SHNpvHvQbJXB,如图所示，以下哪类车辆可以在黄色虚线标记的车道中行驶？,公交车,公交车 | 出租车 | 小客车 | 摩托车,如图所示以下哪类车辆可以在黄色虚线标记的车道中行驶,2,2,
71,2/2,q_DIdIoidq7O2v,如图所示，以下哪类车辆可以在黄色虚线标记的车道中行驶？,专交公,专交公 | 公交车 | 出租车 | 摩托车,如图所示以下哪类车辆可以在黄色虚线标记的车道中行驶,2,2,
72,1/2,q_IFhQvHM4J6do,图中蓝色车这种违法的行为会被记多少分？,记6分,记1分 | 记3分 | 记6分 | 记9分,图中蓝色车这种违法的行为会被记多少分,2,2,
72,2/2,q_SOpSXl_dp-MR,图中蓝色车这种违法的行为会被记多少分？,记1分,江阴南张家港26出口1m | 严禁占用应急车道 | 记1分 | 记3分,图中蓝色车这种违法的行为会被记多少分,2,2,
73,1/2,q_FSif9frEqluH,如图所示，在高速公路最左侧车道行驶，想驶离高速公路，以下说法正确的是什么？,每次变更一条车道，直到最右侧车道,立即减速后向右变更车道 | 为了快速变更车道，可以加速超越右侧车辆变更车道 | 每次变更一条车道，直到最右侧车道 | 找准机会一次变更到右侧车道,如图所示在高速公路最左侧车道行驶想驶离高速公路以下说法正确的是什么,2,2,
73,2/2,q_GgGvJJGBJwBB,如图所示，在高速公路最左侧车道行驶，想驶离高速公路，以下说法正确的是什么？,为了快速变更车道，可以加速超B越右侧车辆变更车道,204海安 | 立即减速后向右变更车道 | 为了快速变更车道，可以加速超B越右侧车辆变更车道 | 每次变更一条车道，直到最右侧车道,如图所示在高速公路最左侧车道行驶想驶离高速公路以下说法正确的是什么,2,2,
74,1/2,q_FfIiip_7cFcb,下列哪个交通标志，表示该道路仅供非机动车推行，不准骑行？,1,1 | 图34 | 如图1所示 | 如图2所示,下列哪个交通标志表示道路仅供非机动车推行不准骑行,2,2,
74,2/2,q_R0630Gv1folr,下列哪个交通标志，表示该道路仅供非机动车推行，不准骑行？,图1图2,图1图2 | 图3图4 | 如图1所示 | 如图2所示,下列哪个交通标志表示道路仅供非机动车推行不准骑行,2,2,
75,1/2,q_NeW263nH6Bgw,遇到图中所示的情景，怎么做是正确的？,停在校车后面等待,借左侧车道超越校车 | 变换远近光灯催促校车离开 | 停在校车后面等待 | 鸣喇叭催促校车离开,遇到图中所示的情景怎么做是正确的,2,2,
75,2/2,q_9gHNr_epy_Lg,遇到图中所示的情景，怎么做是正确的？,提前变更到中间车道超越,学校 | 提前变更到中间车道超越 | 提前变更到最左侧车道超越 | 停在校车后方使用灯光催促,遇到图中所示的情景怎么做是正确的,2,2,
76,1/2,q_rHOPNf4TD1yh,路面上导向箭头是何含义？,指示前方道路仅可左右转弯,指示前方道路是Y形交叉口 | 指示前方道路是分离式道路 | 指示前方道路仅可左右转弯 | 指示前方道路需向左右合流,路面上导向箭头是何含义,2,2,
76,2/2,q_kjZBbms2ancR,路面上导向箭头是何含义？,提示前方有右弯或需向右合流,提示前方有左弯或需向左合流 | 提示前方有右弯或需向右合流 | 提示前方有障碍需向左合流 | 提示前方有左弯或需向左绕行,路面上导向箭头是何含义,2,2,
77,1/2,q_R6eo4s-r-g7_,红圈内路面标记表示该车道,解除100公里/小时限速,100180 | 最低限速为100公里/小时 | 平均速度为100公里/小时 | 解除100公里/小时限速,红圈内路面标记表示车道,2,2,
77,2/2,q_M8Gzpox9CAUa,红圈内路面标记表示该车道,120100,120100 | 80100 | 最低限速为80公里/小时 | 平均速度为80公里/小时,红圈内路面标记表示车道,2,2,
78,1/2,q_qoKZY-sYuL9B,这个标志是何含义？选,正确,正确 | 错误,这个标志是何含义选,2,2,
78,2/2,q_zv4gI1PRUgBQ,这个标志是何含义？选,多乘员车辆专用车道,小型汽车专用车道 | 机动车专用车道 | 多乘员车辆专用车道 | 出租汽车专用车道,这个标志是何含义选,2,2,
